"","sample.date","stream","category","reach","sample.type","sample.day","sample.mo","sample.yr","meter","wetted.width.cm","total.wet.wt.g","sub.wet.wt.g","prop.sub","sub.sample.dry.weight.g.","total.dry.wt.g","tin.id","tin.wt.g","sub.dry.tin.wt.g","sub.ash.tin.wt.g","sub.prop.total","sub.prop.afdm","total.afdm.g","wetted.area.m2","areal.afdm.gm2"
"1",2017-10-18,"ref","leaves",1,"llss",18,10,2017,5,100,0,0,0,0,23.4,0,2.0181,6.3637,2.2631,0.185709401709402,0.943621134020619,22.0807345360825,0.15,147.204896907217
"2",2017-10-18,"ref","other",1,"llss",18,10,2017,5,100,0,0,0,0,0.24,0,2.0228,2.2457,2.0593,0.928749999999999,0.836249439210409,0.200699865410498,0.15,1.33799910273665
"3",2017-10-18,"ref","sticks",1,"llss",18,10,2017,5,100,0,0,0,0,3.66,0,2.0293,5.5737,2.1604,0.968415300546448,0.963012075386525,3.52462419591468,0.15,23.4974946394312
"4",2017-10-18,"ref","leaves",2,"llss",18,10,2017,22,71,0,0,0,0,14.95,0,1.754,5.9412,2.1244,0.280080267558528,0.911539931218953,13.6275219717233,0.1065,127.957952786135
"5",2017-10-18,"ref","other",2,"llss",18,10,2017,22,71,0,0,0,0,1.33,0,2.1071,3.419,2.1865,0.986390977443609,0.939477094290723,1.24950453540666,0.1065,11.7324369521752
"6",2017-10-18,"ref","sticks",2,"llss",18,10,2017,22,71,0,0,0,0,23.89,0,15.29,39.27,16.12,1.00376726663876,0.965387823185988,23.0631150959133,0.1065,216.555071323129
"7",2017-10-18,"ref","leaves",3,"llss",18,10,2017,28,142,0,0,0,0,49.46,0,2.04,5.9111,2.3438,0.0782672866963203,0.921521014698665,45.5784293869959,0.213,213.983236558666
"8",2017-10-18,"ref","other",3,"llss",18,10,2017,28,142,0,0,0,0,5.81,0,1.76,5.5911,2.0515,0.659397590361446,0.923912192320743,5.36792983738352,0.213,25.201548532317
"9",2017-10-18,"ref","sticks",3,"llss",18,10,2017,28,142,0,0,0,0,9.92,0,9.39,19.26,9.81,0.994959677419355,0.957446808510638,9.49787234042553,0.213,44.5909499550494
"10",2017-10-18,"ref","leaves",4,"llss",18,10,2017,49,200,0,0,0,0,13.89,0,1.74,4.9778,1.9379,0.233102951763859,0.938878250664031,13.0410189017234,0.3,43.4700630057446
"11",2017-10-18,"ref","other",4,"llss",18,10,2017,49,200,0,0,0,0,0.27,0,2.05,2.3175,2.0938,0.990740740740741,0.83626168224299,0.225790654205607,0.3,0.752635514018691
"12",2017-10-18,"ref","sticks",4,"llss",18,10,2017,49,200,0,0,0,0,5.79,0,1.79,7.7261,2.0945,1.02523316062176,0.948703694344772,5.49299439025623,0.3,18.3099813008541
"13",2017-10-18,"ref","leaves",5,"llss",18,10,2017,75,41,0,0,0,0,14.45,0,1.7375,6.2838,1.9898,0.314622837370242,0.944504322196071,13.6480874557332,0.0615,221.920121231435
"14",2017-10-18,"ref","other",5,"llss",18,10,2017,75,41,0,0,0,0,0.1,0,1.7801,1.8617,1.8132,0.815999999999999,0.59436274509804,0.059436274509804,0.0615,0.966443487964293
"15",2017-10-18,"ref","sticks",5,"llss",18,10,2017,75,41,0,0,0,0,9.88,0,9.39,19.27,9.76,1,0.962550607287449,9.51,0.0615,154.634146341463
"16",2017-10-18,"ref","leaves",6,"llss",18,10,2017,87,279,0,0,0,0,48.86,0,2.07,5.673,2.2754,0.0737413016782644,0.942991951151818,46.0745867332778,0.4185,110.094591955264
"17",2017-10-18,"ref","other",6,"llss",18,10,2017,87,279,0,0,0,0,0.11,0,1.73,1.8364,1.7297,0.967272727272728,1.00281954887218,0.11031015037594,0.4185,0.263584588711923
"18",2017-10-18,"ref","sticks",6,"llss",18,10,2017,87,279,0,0,0,0,18.73,0,15.26,33.96,15.9,0.998398291510945,0.965775401069519,18.0889732620321,0.4185,43.2233530753455
"19",2017-10-18,"ref","leaves",7,"llss",18,10,2017,98,291,0,0,0,0,59.79,0,1.75,4.4231,1.868,0.0447081451747784,0.95585649620291,57.150659907972,0.4365,130.929346868206
"20",2017-10-18,"ref","other",7,"llss",18,10,2017,98,291,0,0,0,0,0.18,0,1.76,1.8942,1.7686,0.745555555555556,0.93591654247392,0.168464977645306,0.4365,0.385944965968627
"21",2017-10-18,"ref","sticks",7,"llss",18,10,2017,98,291,0,0,0,0,29.68,0,15.26,44.84,16.14,0.996630727762803,0.97025016903313,28.7970250169033,0.4365,65.9725659035586
"22",2017-10-18,"ref","leaves",8,"llss",18,10,2017,116,69,0,0,0,0,22.64,0,2.15,5.8607,2.3693,0.163900176678445,0.940900638693508,21.301990460021,0.1035,205.816332947063
"23",2017-10-18,"ref","other",8,"llss",18,10,2017,116,69,0,0,0,0,2.35,0,2.04,4.4754,2.2374,1.03634042553191,0.918945553091895,2.15952204976595,0.1035,20.8649473407338
"24",2017-10-18,"ref","sticks",8,"llss",18,10,2017,116,69,0,0,0,0,21.49,0,9.39,31.04,10.22,1.00744532340624,0.961662817551963,20.6661339491917,0.1035,199.67279177963
"25",2017-10-18,"ref","leaves",9,"llss",18,10,2017,127,128,0,0,0,0,57.71,0,1.78,6.6215,2.1444,0.0838936059608387,0.924734070019622,53.3664031808324,0.192,277.950016566835
"26",2017-10-18,"ref","other",9,"llss",18,10,2017,127,128,0,0,0,0,2,0,2.11,4.1531,2.3339,1.02155,0.890411629386716,1.78082325877343,0.192,9.27512113944496
"27",2017-10-18,"ref","sticks",9,"llss",18,10,2017,127,128,0,0,0,0,20.8,0,9.3,30.25,9.89,1.00721153846154,0.971837708830549,20.2142243436754,0.192,105.282418456643
"28",2017-10-18,"ref","leaves",10,"llss",18,10,2017,137,55,0,0,0,0,8.86,0,1.7733,4.8656,1.9402,0.349018058690745,0.946027228923455,8.38180124826181,0.0825,101.597590888022
"29",2017-10-18,"ref","other",10,"llss",18,10,2017,137,55,0,0,0,0,0.21,0,1.9974,2.2004,2.0191,0.966666666666667,0.893103448275863,0.187551724137931,0.0825,2.27335423197492
"30",2017-10-18,"ref","sticks",10,"llss",18,10,2017,137,55,0,0,0,0,1.97,0,1.9934,3.9215,2.0881,0.978730964467005,0.950884290233909,1.8732420517608,0.0825,22.7059642637673
"31",2017-10-18,"warm","leaves",1,"llss",18,10,2017,8,50,0,0,0,0,28.05,0,2.1244,5.4828,2.406,0.119729055258467,0.916150547879943,25.6980228680324,0.075,342.640304907099
"32",2017-10-18,"warm","other",1,"llss",18,10,2017,8,50,0,0,0,0,0.27,0,1.7369,2.0264,1.8958,1.07222222222222,0.45112262521589,0.12180310880829,0.075,1.6240414507772
"33",2017-10-18,"warm","sticks",1,"llss",18,10,2017,8,50,0,0,0,0,1.55,0,1.9577,3.5096,2.0384,1.00122580645161,0.947999226754301,1.46939880146917,0.075,19.5919840195889
"34",2017-10-18,"warm","leaves",2,"llss",18,10,2017,22,55,0,0,0,0,21.61,0,1.7512,6.876,2.2201,0.237149467838963,0.908503746487668,19.6327659615985,0.0825,237.972920746648
"35",2017-10-18,"warm","other",2,"llss",18,10,2017,22,55,0,0,0,0,0,0,0,0,0,0,0,0,0.0825,0
"36",2017-10-18,"warm","sticks",2,"llss",18,10,2017,22,55,0,0,0,0,3.1,0,1.9443,5.0182,2.1199,0.99158064516129,0.942873873580793,2.92290900810046,0.0825,35.4292000981874
"37",2017-10-18,"warm","leaves",3,"llss",18,10,2017,28,50,0,0,0,0,46.51,0,1.7596,6.1779,2.3864,0.0949967748871211,0.858135481972704,39.9118812665505,0.075,532.15841688734
"38",2017-10-18,"warm","other",3,"llss",18,10,2017,28,50,0,0,0,0,0,0,0,0,0,0,0,0,0.075,0
"39",2017-10-18,"warm","sticks",3,"llss",18,10,2017,28,50,0,0,0,0,15.19,0,1.7385,10.1492,2.0937,0.553699802501646,0.957768081134745,14.5484971524368,0.075,193.97996203249
"40",2017-10-18,"warm","leaves",4,"llss",18,10,2017,42,112,0,0,0,0,44.41,0,2,4.1983,2.1512,0.0495001125872551,0.93121957876541,41.3554614929718,0.168,246.16346126769
"41",2017-10-18,"warm","other",4,"llss",18,10,2017,42,112,0,0,0,0,8.94,0,1.94,10.7173,2.7743,0.981800894854586,0.904947990840008,8.09023503810967,0.168,48.156160941129
"42",2017-10-18,"warm","sticks",4,"llss",18,10,2017,42,112,0,0,0,0,53.83,0,14.09,68.68,16.56,1.01411852127067,0.954753617878732,51.3943872504122,0.168,305.918971728644
"43",2017-10-18,"warm","leaves",5,"llss",18,10,2017,78,260,0,0,0,0,121.22,0,2.05,6.2007,2.2346,0.0342410493317934,0.955525573999566,115.828810080227,0.39,296.99694892366
"44",2017-10-18,"warm","other",5,"llss",18,10,2017,78,260,0,0,0,0,1.84,0,1.74,3.6621,1.8082,1.04461956521739,0.964517975131367,1.77471307424171,0.39,4.55054634420952
"45",2017-10-18,"warm","sticks",5,"llss",18,10,2017,78,260,0,0,0,0,29.1,0,15.21,44.17,16.39,0.995189003436426,0.959254143646409,27.9142955801105,0.39,71.5751168720782
"46",2017-10-18,"warm","leaves",6,"llss",18,10,2017,91,88,0,0,0,0,66.26,0,1.7525,8.5414,2.2732,0.102458496830667,0.923301271192682,61.1779422292271,0.132,463.469259312327
"47",2017-10-18,"warm","other",6,"llss",18,10,2017,91,88,0,0,0,0,55.95,0,15.41,7.134,17.35,-0.147917783735478,1.23441275978734,69.0653939101015,0.132,523.222681137133
"48",2017-10-18,"warm","sticks",6,"llss",18,10,2017,91,88,0,0,0,0,4.54,0,1.7496,6.2435,1.9387,0.989845814977974,0.957920736999043,4.34896014597566,0.132,32.9466677725429
"49",2017-10-18,"warm","leaves",7,"llss",18,10,2017,97,60,0,0,0,0,48.7,0,1.7367,8.6713,3.2399,0.142394250513347,0.783231909554985,38.1433939953278,0.09,423.815488836975
"50",2017-10-18,"warm","other",7,"llss",18,10,2017,97,60,0,0,0,0,6.17,0,2.0486,8.1997,2.4496,0.996936790923825,0.934808408252183,5.76776787891597,0.09,64.086309765733
"51",2017-10-18,"warm","sticks",7,"llss",18,10,2017,97,60,0,0,0,0,8.02,0,9.39,17.42,9.64,1.00124688279302,0.968866749688667,7.77031133250311,0.09,86.3367925833679
"52",2017-10-18,"warm","leaves",8,"llss",18,10,2017,121,91,0,0,0,0,114.85,0,1.9814,5.6869,2.1995,0.0322638223770135,0.94114154635002,108.0901065983,0.1365,791.868912808057
"53",2017-10-18,"warm","other",8,"llss",18,10,2017,121,91,0,0,0,0,15.42,0,1.9781,17.38,2.5878,0.998826199740597,0.960413974899201,14.8095834929457,0.1365,108.495117164437
"54",2017-10-18,"warm","sticks",8,"llss",18,10,2017,121,91,0,0,0,0,32.18,0,15.34,47.59,16.47,1.00217526413922,0.964961240310078,31.0524527131783,0.1365,227.49049606724
"55",2017-10-18,"warm","leaves",9,"llss",18,10,2017,130,165,0,0,0,0,112.73,0,1.7389,7.1549,2.0355,0.0480439989355096,0.945236336779911,106.556492245199,0.2475,430.531281798786
"56",2017-10-18,"warm","other",9,"llss",18,10,2017,130,165,0,0,0,0,5.08,0,1.7915,6.8785,1.9467,1.00137795275591,0.969490859052487,4.92501356398663,0.2475,19.8990447029763
"57",2017-10-18,"warm","sticks",9,"llss",18,10,2017,130,165,0,0,0,0,12.39,0,1.7358,9.5171,1.9989,0.628030669895077,0.966188169072006,11.9710714148022,0.2475,48.3679653123319
"58",2017-10-18,"warm","leaves",10,"llss",18,10,2017,141,110,0,0,0,0,34.47,0,2.0599,8.1504,2.6392,0.176689875253844,0.904884656432148,31.1913741072162,0.165,189.038630952825
"59",2017-10-18,"warm","other",10,"llss",18,10,2017,141,110,0,0,0,0,11.68,0,1.7275,13.3686,2.5992,0.996669520547945,0.925118760254615,10.8053871197739,0.165,65.4871946652964
"60",2017-10-18,"warm","sticks",10,"llss",18,10,2017,141,110,0,0,0,0,11.3,0,9.3,20.63,9.58,1.00265486725664,0.975286849073257,11.0207413945278,0.165,66.7923720880473
"61",2017-11-20,"ref","leaves",1,"llss",20,11,2017,7,155,494.2,171,0.34601376,29.02,83.86949708,0,3.6235,10.3814,4.1422,0.0805763744303115,0.92324538688054,77.4321262791009,0.2325,333.041403350972
"62",2017-11-20,"ref","other",1,"llss",20,11,2017,7,155,0,0,0,0,1.3447,0,3.6273,4.972,4.6657,1,0.227783148657693,0.3063,0.2325,1.31741935483871
"63",2017-11-20,"ref","sticks",1,"llss",20,11,2017,7,155,0,0,0,0,3.3201,0,3.6121,6.9322,3.8364,1,0.93244179392187,3.0958,0.2325,13.3152688172043
"64",2017-11-20,"ref","leaves",2,"llss",20,11,2017,26,146,403.7,152.4,0.377508051,26.1,69.13759843,0,3.6104,11.3263,3.2658,0.111602083023062,1.04466102463744,72.2253544168555,0.219,329.796138889751
"65",2017-11-20,"ref","other",2,"llss",20,11,2017,26,146,0,0,0,0,0.3584,0,3.6499,4.0083,3.6759,1,0.927455357142858,0.3324,0.219,1.51780821917808
"66",2017-11-20,"ref","sticks",2,"llss",20,11,2017,26,146,9.4281,0,0,0,3.1013,0,3.613,6.7143,3.7354,1,0.960532679843936,2.9789,0.219,13.6022831050228
"67",2017-11-20,"ref","leaves",3,"llss",20,11,2017,34,204,569.8,152.3,0.267286767,23.29,87.13487853,0,3.6192,11.4679,4.1827,0.090075296281015,0.928204670837209,80.8790012443788,0.306,264.310461582937
"68",2017-11-20,"ref","other",3,"llss",20,11,2017,34,204,0,0,0,0,1.0908,0,3.595,4.6858,3.6619,1,0.938668866886689,1.0239,0.306,3.34607843137255
"69",2017-11-20,"ref","sticks",3,"llss",20,11,2017,34,204,0,0,0,0,9.8854,0,3.6168,13.5022,4.0318,1,0.958018896554515,9.4704,0.306,30.9490196078431
"70",2017-11-20,"ref","leaves",4,"llss",20,11,2017,43,160,355.12,108.19,0.304657581,24.12,79.17085128,0,3.6014,10.4203,3.9829,0.0861289210581291,0.944052559797035,74.7414448121943,0.24,311.422686717476
"71",2017-11-20,"ref","other",4,"llss",20,11,2017,43,160,0,0,0,0,0.1648,0,3.6409,3.8057,3.6563,1,0.906553398058252,0.1494,0.24,0.6225
"72",2017-11-20,"ref","sticks",4,"llss",20,11,2017,43,160,20.0063,0,0,0,4.2163,0,3.6531,7.8694,3.7845,1,0.968835234684439,4.0849,0.24,17.0204166666667
"73",2017-11-20,"ref","leaves",5,"llss",20,11,2017,55,215,363.18,117.13,0.322512253,27.26,84.52392043,0,3.6149,13.0799,4.1545,0.111980134757694,0.942989963021659,79.7052086007313,0.3225,247.147933645679
"74",2017-11-20,"ref","other",5,"llss",20,11,2017,55,215,0,0,0,0,0.4241,0,3.6652,4.0893,3.6749,0.999999999999999,0.977128035840603,0.4144,0.3225,1.28496124031008
"75",2017-11-20,"ref","sticks",5,"llss",20,11,2017,55,215,13.3457,0,0,0,4.011,0,3.6466,7.6576,3.8298,1,0.954325604587385,3.8278,0.3225,11.8691472868217
"76",2017-11-20,"ref","leaves",6,"llss",20,11,2017,93,300,710.36,216.75,0.305126978,45.43,148.8888341,0,3.6389,11.9119,4.1993,0.0555649458202051,0.93226157379427,138.80333879846,0.45,308.451863996578
"77",2017-11-20,"ref","other",6,"llss",20,11,2017,93,300,0,0,0,0,0,0,0,0,0,0,0,0,0.45,0
"78",2017-11-20,"ref","sticks",6,"llss",20,11,2017,93,300,20.125,0,0,0,7.6989,0,3.6266,11.3255,3.8776,1,0.96739793996545,7.4479,0.45,16.5508888888889
"79",2017-11-20,"ref","leaves",7,"llss",20,11,2017,103,154,569.52,127.86,0.224504846,29.81,132.7810981,0,3.6077,11.2401,4.0508,0.0574810730534243,0.941944866621246,125.072473739627,0.231,541.439280258126
"80",2017-11-20,"ref","other",7,"llss",20,11,2017,103,154,0,0,0,0,4.0956,0,3.6801,7.7757,4.0284,1,0.914957515382361,3.7473,0.231,16.2220779220779
"81",2017-11-20,"ref","sticks",7,"llss",20,11,2017,103,154,48.768,0,0,0,16.0653,0,3.5992,19.6645,4.1789,1,0.963916017752547,15.4856,0.231,67.0372294372294
"82",2017-11-20,"ref","leaves",8,"llss",20,11,2017,115,35,299.31,105.7,0.353145568,22.96,65.01568212,0,3.6209,12.049,4.1696,0.129631801515889,0.934896358609888,60.782924466526,0.0525,1157.76998983859
"83",2017-11-20,"ref","other",8,"llss",20,11,2017,115,35,0,0,0,0,0.593,0,3.6571,4.2501,3.6737,1,0.972006745362563,0.5764,0.0525,10.9790476190476
"84",2017-11-20,"ref","sticks",8,"llss",20,11,2017,115,35,51.493,0,0,0,19.4022,0,3.6666,23.0688,4.5624,1,0.953829978043727,18.5064,0.0525,352.502857142857
"85",2017-11-20,"ref","leaves",9,"llss",20,11,2017,127,130,714.06,215.7,0.302075456,54.81,181.4447316,0,3.61,11.0589,4.0336,0.0410532724445332,0.943132543060049,171.126431138756,0.195,877.571441737211
"86",2017-11-20,"ref","other",9,"llss",20,11,2017,127,130,59.37,17.7248,0.298548088,4.2154,14.11966837,0,3.6539,7.8693,3.7556,0.298548088350038,0.975874175641695,13.7790197309079,0.195,70.6616396456813
"87",2017-11-20,"ref","sticks",9,"llss",20,11,2017,127,130,0,0,0,0,11.3154,0,3.6135,14.9289,4.0406,1,0.962254979938844,10.8883,0.195,55.8374358974359
"88",2017-11-20,"ref","leaves",10,"llss",20,11,2017,145,130,404.3,109.88,0.271778382,27.66,101.774099,0,3.6264,12.1428,4.1357,0.0836794438239144,0.940197736132638,95.687777476739,0.195,490.706551162764
"89",2017-11-20,"ref","other",10,"llss",20,11,2017,145,130,0,0,0,0,2.5427,0,3.6268,6.1695,3.8418,1,0.915444212844614,2.3277,0.195,11.9369230769231
"90",2017-11-20,"ref","sticks",10,"llss",20,11,2017,145,130,0,0,0,0,13.382,0,3.6534,17.0354,4.1593,1,0.962195486474368,12.8761,0.195,66.031282051282
"91",2017-11-20,"warm","leaves",1,"llss",20,11,2017,5,55,0,0,0,0,41.32,0,3.6501,12.4011,4.3837,0.211786060019361,0.916169580619358,37.8561270711919,0.0825,458.862146317477
"92",2017-11-20,"warm","other",1,"llss",20,11,2017,5,55,0,0,0,0,0.1468,0,3.6658,3.8126,3.6703,1,0.96934604904632,0.1423,0.0825,1.72484848484848
"93",2017-11-20,"warm","sticks",1,"llss",20,11,2017,5,55,0,0,0,0,0.5083,0,3.6396,4.1479,3.685,1,0.910682667715916,0.4629,0.0825,5.61090909090909
"94",2017-11-20,"warm","leaves",2,"llss",20,11,2017,16,50,0,0,0,0,25.87,0,3.6055,10.3979,4.2384,0.262558948589099,0.906822330840351,23.4594936988399,0.075,312.793249317865
"95",2017-11-20,"warm","other",2,"llss",20,11,2017,16,50,0,0,0,0,0.2245,0,3.6034,3.8279,3.6425,1,0.825835189309577,0.1854,0.075,2.472
"96",2017-11-20,"warm","sticks",2,"llss",20,11,2017,16,50,0,0,0,0,2.8507,0,3.6281,6.4788,3.8009,1,0.939383309362613,2.6779,0.075,35.7053333333333
"97",2017-11-20,"warm","leaves",3,"llss",20,11,2017,26,130,568.82,323.15,0.568105903,63.96,112.5846424,0,3.6373,10.3995,4.2986,0.0600632542400827,0.902206382538227,101.574582949064,0.195,520.895297174687
"98",2017-11-20,"warm","other",3,"llss",20,11,2017,26,130,0,0,0,0,0.9388,0,3.6198,4.5586,3.6676,1,0.949083936940775,0.891,0.195,4.56923076923077
"99",2017-11-20,"warm","sticks",3,"llss",20,11,2017,26,130,0,0,0,0,9.591,0,3.6534,13.2444,4.0274,1,0.961005108956313,9.217,0.195,47.2666666666667
"100",2017-11-20,"warm","leaves",4,"llss",20,11,2017,41,50,0,0,0,0,30.91,0,3.6297,12.17,4.8207,0.276295697185377,0.860543540625036,26.5994008407199,0.075,354.658677876265
"101",2017-11-20,"warm","other",4,"llss",20,11,2017,41,50,0,0,0,0,0.918,0,3.6211,4.5391,3.7314,1,0.879847494553377,0.8077,0.075,10.7693333333333
"102",2017-11-20,"warm","sticks",4,"llss",20,11,2017,41,50,0,0,0,0,5.8124,0,3.6571,9.4695,4.097,1,0.924316977496387,5.3725,0.075,71.6333333333333
"103",2017-11-20,"warm","leaves",5,"llss",20,11,2017,51,120,0,0,0,0,63.25,0,3.649,12.0986,4.3659,0.133590513833992,0.91515574701761,57.8836009988638,0.18,321.575561104799
"104",2017-11-20,"warm","other",5,"llss",20,11,2017,51,120,0,0,0,0,0.6428,0,3.6084,4.2512,3.6396,1,0.951462352209085,0.6116,0.18,3.39777777777778
"105",2017-11-20,"warm","sticks",5,"llss",20,11,2017,51,120,0,0,0,0,4.6213,0,3.6099,8.2312,3.9435,1,0.927812520286499,4.2877,0.18,23.8205555555556
"106",2017-11-20,"warm","leaves",6,"llss",20,11,2017,85,190,856.95,390.22,0.455359122,74.5,163.6071319,0,3.6474,10.1888,4.0833,0.0399823646074197,0.933362888678265,152.70482523855,0.285,535.806404345789
"107",2017-11-20,"warm","other",6,"llss",20,11,2017,85,190,0,0,0,0,2.2833,0,3.6548,5.9381,3.7866,1,0.942276529584373,2.1515,0.285,7.54912280701754
"108",2017-11-20,"warm","sticks",6,"llss",20,11,2017,85,190,0,0,0,0,18.0895,0,3.654,14.9124,4.1336,0.622372094308853,0.957400696368933,17.3188998969658,0.285,60.7680698139152
"109",2017-11-20,"warm","leaves",7,"llss",20,11,2017,93,130,843.4,359.55,0.426310173,66.62,156.2711945,0,3.6441,13.0483,4.3379,0.0601787170699588,0.926224452904022,144.74220163042,0.195,742.267700668823
"110",2017-11-20,"warm","other",7,"llss",20,11,2017,93,130,0,0,0,0,8.8628,0,3.6235,12.4863,4.4639,1,0.905176693595704,8.0224,0.195,41.1405128205128
"111",2017-11-20,"warm","sticks",7,"llss",20,11,2017,93,130,0,0,0,0,11.8667,0,3.6672,15.5339,4.0895,1,0.964413021311738,11.4444,0.195,58.6892307692308
"112",2017-11-20,"warm","leaves",8,"llss",20,11,2017,110,76,0,0,0,0,28.55,0,3.664,9.9401,4.0398,0.219828371278459,0.940122050317873,26.8404845365753,0.114,235.442846812064
"113",2017-11-20,"warm","other",8,"llss",20,11,2017,110,76,0,0,0,0,6.825,0,3.6357,10.4607,4.6651,1,0.849172161172161,5.7956,0.114,50.8385964912281
"114",2017-11-20,"warm","sticks",8,"llss",20,11,2017,110,76,0,0,0,0,1.4364,0,3.6529,5.0893,3.7378,1,0.940893901420217,1.3515,0.114,11.8552631578947
"115",2017-11-20,"warm","leaves",9,"llss",20,11,2017,118,100,0,0,0,0,43.67,0,3.6398,11.2024,4.2433,0.173176093427983,0.920199402321953,40.1851078993997,0.15,267.900719329331
"116",2017-11-20,"warm","other",9,"llss",20,11,2017,118,100,0,0,0,0,0.1412,0,3.62,3.7612,3.6258,1,0.958923512747877,0.1354,0.15,0.902666666666668
"117",2017-11-20,"warm","sticks",9,"llss",20,11,2017,118,100,0,0,0,0,4.0067,0,3.642,7.6487,3.8644,1,0.944492974268101,3.7843,0.15,25.2286666666667
"118",2017-11-20,"warm","leaves",10,"llss",20,11,2017,131,100,0,0,0,0,70.55,0,3.6238,12.7529,4.2726,0.129399007795889,0.928930562706072,65.5360511989134,0.15,436.907007992756
"119",2017-11-20,"warm","other",10,"llss",20,11,2017,131,100,0,0,0,0,0.1939,0,3.6294,3.8233,3.6425,1,0.932439401753481,0.1808,0.15,1.20533333333333
"120",2017-11-20,"warm","sticks",10,"llss",20,11,2017,131,100,0,0,0,0,6.5358,0,3.6295,10.1653,3.8977,1,0.958964472597081,6.2676,0.15,41.784
"121",2017-12-18,"ref","leaves",1,"llss",18,12,2017,12,90,0,0,0,0,54.5,0,3.6558,9.155,4.0448,0.100902752293578,0.929262438172825,50.644802880419,0.135,375.146688003103
"122",2017-12-18,"ref","other",1,"llss",18,12,2017,12,90,0,0,0,0,0.5464,0,2.0086,2.555,2.2191,1,0.614751098096632,0.3359,0.135,2.48814814814815
"123",2017-12-18,"ref","sticks",1,"llss",18,12,2017,12,90,0,0,0,0,2.4686,0,3.6571,6.1257,3.7652,1,0.956209997569472,2.3605,0.135,17.4851851851852
"124",2017-12-18,"ref","leaves",2,"llss",18,12,2017,14,180,0,0,0,0,68.7,0,3.6589,10.9655,4.1814,0.106355167394469,0.92848931103386,63.7872156680262,0.27,236.248946918615
"125",2017-12-18,"ref","other",2,"llss",18,12,2017,14,180,0,0,0,0,0.7313,0,1.7286,2.4599,1.767,1,0.94749076986189,0.6929,0.27,2.5662962962963
"126",2017-12-18,"ref","sticks",2,"llss",18,12,2017,14,180,0,0,0,0,10.3669,0,3.6417,14.0086,4.4105,1,0.925840897471761,9.5981,0.27,35.5485185185185
"127",2017-12-18,"ref","leaves",3,"llss",18,12,2017,35,225,0,0,0,0,97.54,0,3.6764,10.9452,4.1968,0.0745212220627435,0.928406339423289,90.5567543473476,0.3375,268.316309177326
"128",2017-12-18,"ref","other",3,"llss",18,12,2017,35,225,0,0,0,0,0.2993,0,1.7387,2.038,1.7519,1,0.955897093217507,0.2861,0.3375,0.847703703703704
"129",2017-12-18,"ref","sticks",3,"llss",18,12,2017,35,225,0,0,0,0,5.3287,0,3.6742,9.0029,3.9395,1,0.950212997541614,5.0634,0.3375,15.0026666666667
"130",2017-12-18,"ref","leaves",4,"llss",18,12,2017,46,145,0,0,0,0,64.03,0,3.6421,11.0199,4.1894,0.115224113696705,0.925817994524113,59.2801261893789,0.2175,272.552304318984
"131",2017-12-18,"ref","other",4,"llss",18,12,2017,46,145,0,0,0,0,0.53739,0,2.03901,2.5764,2.0581,1,0.964476450994622,0.5183,0.2175,2.38298850574713
"132",2017-12-18,"ref","sticks",4,"llss",18,12,2017,46,145,0,0,0,0,0.9615,0,2.1749,3.1364,2.228,1,0.944773790951638,0.9084,0.2175,4.17655172413793
"133",2017-12-18,"ref","leaves",5,"llss",18,12,2017,54,73,0,0,0,0,68.1,0,3.6104,12.3721,4.3954,0.128659324522761,0.91040551491149,61.9986155654724,0.1095,566.197402424406
"134",2017-12-18,"ref","other",5,"llss",18,12,2017,54,73,0,0,0,0,0.2753,0,1.7626,2.0379,1.7902,1,0.899745731928805,0.2477,0.1095,2.262100456621
"135",2017-12-18,"ref","sticks",5,"llss",18,12,2017,54,73,0,0,0,0,4.9409,0,3.598,8.5389,3.7978,1,0.959562023113198,4.7411,0.1095,43.2977168949772
"136",2017-12-18,"ref","leaves",6,"llss",18,12,2017,90,200,0,0,0,0,83.47,0,3.6592,10.6437,4.181,0.0836767700970409,0.925291717374186,77.2340996492233,0.3,257.446998830744
"137",2017-12-18,"ref","other",6,"llss",18,12,2017,90,200,0,0,0,0,0.8507,0,2.0502,2.9009,2.2312,1,0.787234042553192,0.6697,0.3,2.23233333333333
"138",2017-12-18,"ref","sticks",6,"llss",18,12,2017,90,200,0,0,0,0,5.5033,0,3.6456,9.1489,3.8957,1,0.954554540003271,5.2532,0.3,17.5106666666667
"139",2017-12-18,"ref","leaves",7,"llss",18,12,2017,104,100,0,0,0,0,32.03,0,3.613,11.399,4.0247,0.243084608179831,0.94712304135628,30.3363510146417,0.15,202.242340097611
"140",2017-12-18,"ref","other",7,"llss",18,12,2017,104,100,0,0,0,0,0,0,0,0,0,0,0,0,0.15,0
"141",2017-12-18,"ref","sticks",7,"llss",18,12,2017,104,100,0,0,0,0,1.8243,0,1.7551,3.5794,1.8299,1,0.95899797182481,1.7495,0.15,11.6633333333333
"142",2017-12-18,"ref","leaves",8,"llss",18,12,2017,111,44,0,0,0,0,0,0,0,0,0,0,0,0,0.066,0
"143",2017-12-18,"ref","other",8,"llss",18,12,2017,111,44,0,0,0,0,0.3016,0,2.0454,2.347,2.0557,1,0.965848806366048,0.2913,0.066,4.41363636363636
"144",2017-12-18,"ref","sticks",8,"llss",18,12,2017,111,44,0,0,0,0,2.4783,0,2.1125,4.5908,2.2053,1,0.962554977202114,2.3855,0.066,36.1439393939394
"145",2017-12-18,"ref","leaves",9,"llss",18,12,2017,123,85,0,0,0,0,58.82,0,3.6473,11.2012,4.1134,0.128424005440326,0.938296773851917,55.1906162379698,0.1275,432.867578337018
"146",2017-12-18,"ref","other",9,"llss",18,12,2017,123,85,0,0,0,0,3.3189,0,3.6128,6.9317,3.7016,1,0.973244147157191,3.2301,0.1275,25.3341176470588
"147",2017-12-18,"ref","sticks",9,"llss",18,12,2017,123,85,0,0,0,0,2.4003,0,2.0556,4.4559,2.1453,1,0.962629671291089,2.3106,0.1275,18.1223529411765
"148",2017-12-18,"ref","leaves",10,"llss",18,12,2017,134,90,0,0,0,0,61.5,0,3.6094,11.6922,4.2451,0.131427642276423,0.921351511852329,56.6631179789182,0.135,419.726799843839
"149",2017-12-18,"ref","other",10,"llss",18,12,2017,134,90,0,0,0,0,6.2959,0,3.6385,9.9344,4.5051,1,0.862354865865087,5.4293,0.135,40.217037037037
"150",2017-12-18,"ref","sticks",10,"llss",18,12,2017,134,90,0,0,0,0,2.8217,0,1.8859,4.7076,1.8556,1,1.01073820746359,2.852,0.135,21.1259259259259
"151",2017-12-18,"warm","leaves",1,"llss",18,12,2017,2,70,0,0,0,0,10.16,0,3.6241,11.1263,4.1452,0.738405511811024,0.930540374823385,9.45429020820559,0.105,90.0408591257676
"152",2017-12-18,"warm","other",1,"llss",18,12,2017,2,70,0,0,0,0,0.4578,0,2.1063,2.5641,2.1167,1,0.977282656181739,0.4474,0.105,4.26095238095238
"153",2017-12-18,"warm","sticks",1,"llss",18,12,2017,2,70,0,0,0,0,2.6077,0,1.9733,4.581,2.0736,1,0.961536986616559,2.5074,0.105,23.88
"154",2017-12-18,"warm","leaves",2,"llss",18,12,2017,16,35,0,0,0,0,19.87,0,3.614,11.8625,4.2242,0.415123301459487,0.926022913256956,18.4000752864157,0.0525,350.477624503157
"155",2017-12-18,"warm","other",2,"llss",18,12,2017,16,35,0,0,0,0,0.1573,0,2.0143,2.1716,2.0252,1,0.930705657978386,0.1464,0.0525,2.78857142857143
"156",2017-12-18,"warm","sticks",2,"llss",18,12,2017,16,35,0,0,0,0,0.0394,0,1.7914,1.8308,1.7943,0.999999999999997,0.926395939086297,0.0365000000000001,0.0525,0.695238095238097
"157",2017-12-18,"warm","leaves",3,"llss",18,12,2017,35,140,0,0,0,0,85.33,0,3.6586,13.0018,4.7239,0.109494902144615,0.885981248394554,75.6007799255073,0.21,360.003713930987
"158",2017-12-18,"warm","other",3,"llss",18,12,2017,35,140,0,0,0,0,1.0541,0,1.7442,2.7983,1.8567,1,0.893273882933308,0.9416,0.21,4.48380952380952
"159",2017-12-18,"warm","sticks",3,"llss",18,12,2017,35,140,0,0,0,0,6.0822,0,2.0241,8.1063,2.2944,1,0.9555588438394,5.8119,0.21,27.6757142857143
"160",2017-12-18,"warm","leaves",4,"llss",18,12,2017,47,150,0,0,0,0,78.73,0,3.628,14.8494,4.7882,0.142530166391464,0.896608266348228,70.589968809596,0.225,313.733194709315
"161",2017-12-18,"warm","other",4,"llss",18,12,2017,47,150,0,0,0,0,2.0104,0,2.0797,4.0901,2.2308,1,0.924840827695981,1.8593,0.225,8.26355555555556
"162",2017-12-18,"warm","sticks",4,"llss",18,12,2017,47,150,0,0,0,0,9.5804,0,8.2267,17.8071,8.5603,1,0.965178906934992,9.2468,0.225,41.0968888888889
"163",2017-12-18,"warm","leaves",5,"llss",18,12,2017,50,110,0,0,0,0,65.83,0,3.5959,13.6497,4.3498,0.152723682211758,0.925013427758658,60.8936339493525,0.165,369.052326965773
"164",2017-12-18,"warm","other",5,"llss",18,12,2017,50,110,0,0,0,0,1.495,0,1.7844,3.2794,1.8821,1,0.934648829431438,1.3973,0.165,8.46848484848485
"165",2017-12-18,"warm","sticks",5,"llss",18,12,2017,50,110,0,0,0,0,5.0618,0,1.7737,6.8355,1.9437,1,0.966415109249674,4.8918,0.165,29.6472727272727
"166",2017-12-18,"warm","leaves",6,"llss",18,12,2017,86,165,0,0,0,0,76.65,0,3.6408,16.1601,5.0187,0.16333072407045,0.889937935827083,68.2137427811459,0.2475,275.611081944024
"167",2017-12-18,"warm","other",6,"llss",18,12,2017,86,165,0,0,0,0,1.0865,0,1.7415,2.828,1.7988,1,0.94726184997699,1.0292,0.2475,4.15838383838384
"168",2017-12-18,"warm","sticks",6,"llss",18,12,2017,86,165,0,0,0,0,7.6018,0,2.1565,9.7583,2.5255,1,0.951458865005656,7.2328,0.2475,29.2234343434343
"169",2017-12-18,"warm","leaves",7,"llss",18,12,2017,91,78,0,0,0,0,43.65,0,3.6255,12.5918,4.5094,0.205413516609393,0.901419760659358,39.346972552781,0.117,336.29891070753
"170",2017-12-18,"warm","other",7,"llss",18,12,2017,91,78,0,0,0,0,0.5692,0,1.7383,2.3075,1.7687,1,0.946591707659874,0.5388,0.117,4.60512820512821
"171",2017-12-18,"warm","sticks",7,"llss",18,12,2017,91,78,0,0,0,0,3.7231,0,1.7736,5.4967,1.9052,1,0.964653111654267,3.5915,0.117,30.6965811965812
"172",2017-12-18,"warm","leaves",8,"llss",18,12,2017,108,76,0,0,0,0,30.28,0,3.6658,10.522,4.025,0.226426684280053,0.947609462967825,28.6936145386657,0.114,251.698373146191
"173",2017-12-18,"warm","other",8,"llss",18,12,2017,108,76,0,0,0,0,4.7062,0,2.1228,6.829,2.354,1,0.950873316051166,4.475,0.114,39.2543859649123
"174",2017-12-18,"warm","sticks",8,"llss",18,12,2017,108,76,0,0,0,0,5.2938,0,1.753,7.0468,1.9122,1,0.96992708451396,5.1346,0.114,45.040350877193
"175",2017-12-18,"warm","leaves",9,"llss",18,12,2017,113,85,676.73,326.31,0,66.87,138.68081,0,3.6579,12.689,4.7841,0.065121482921826,0.875297582797223,121.386977773361,0.1275,952.054727634204
"176",2017-12-18,"warm","other",9,"llss",18,12,2017,113,85,0,0,0,0,7.5894,0,1.7689,9.3583,2.7749,1,0.867446701979076,6.5834,0.1275,51.6345098039216
"177",2017-12-18,"warm","sticks",9,"llss",18,12,2017,113,85,0,0,0,0,7.604,0,8.2351,15.8391,8.5503,1,0.958548132561809,7.2888,0.1275,57.1670588235294
"178",2017-12-18,"warm","leaves",10,"llss",18,12,2017,125,145,0,0,0,0,88.35,0,3.5938,13.4976,4.2411,0.112097340124505,0.934641248813587,82.5755543326804,0.2175,379.657721069795
"179",2017-12-18,"warm","other",10,"llss",18,12,2017,125,145,0,0,0,0,0.5844,0,1.7405,2.3249,1.7628,1,0.961841204654346,0.5621,0.2175,2.58436781609195
"180",2017-12-18,"warm","sticks",10,"llss",18,12,2017,125,145,0,0,0,0,0.2075,0,3.6593,3.8668,3.7901,1,0.369638554216868,0.0767000000000002,0.2175,0.35264367816092
"181",2018-01-16,"ref","leaves",1,"llss",16,1,2018,10,100,0,0,0,0,26.17,0,3.6028,10.1985,4.1792,0.252032862055789,0.912609730582046,23.8829966493321,0.15,159.219977662214
"182",2018-01-16,"ref","other",1,"llss",16,1,2018,10,100,0,0,0,0,1.243,0,2.0397,3.2827,2.1162,1,0.938455349959775,1.1665,0.15,7.77666666666667
"183",2018-01-16,"ref","sticks",1,"llss",16,1,2018,10,100,0,0,0,0,2.3353,0,2.0213,4.3566,2.1764,1,0.933584550164861,2.1802,0.15,14.5346666666667
"184",2018-01-16,"ref","leaves",2,"llss",16,1,2018,22,175,0,0,0,0,93.37,0,3.6191,11.2675,4.3773,0.0819149619792224,0.900868155431201,84.1140596726113,0.2625,320.434513038519
"185",2018-01-16,"ref","other",2,"llss",16,1,2018,22,175,0,0,0,0,3.728,0,3.6502,7.3782,4.0482,1,0.89324034334764,3.33,0.2625,12.6857142857143
"186",2018-01-16,"ref","sticks",2,"llss",16,1,2018,22,175,0,0,0,0,52.3954,0,8.2236,60.619,9.576,1,0.974188573806097,51.043,0.2625,194.449523809524
"187",2018-01-16,"ref","leaves",3,"llss",16,1,2018,38,113,0,0,0,0,91.27,0,3.6299,10.6813,4.3469,0.0772586830283774,0.89831806449783,81.989489746717,0.1695,483.713803815439
"188",2018-01-16,"ref","other",3,"llss",16,1,2018,38,113,0,0,0,0,0.7523,0,2.0388,2.7911,2.0957,1,0.924365279808587,0.6954,0.1695,4.10265486725664
"189",2018-01-16,"ref","sticks",3,"llss",16,1,2018,38,113,0,0,0,0,28.6345,0,8.2562,36.8907,9.0371,1,0.972728701391678,27.8536,0.1695,164.32802359882
"190",2018-01-16,"ref","leaves",4,"llss",16,1,2018,47,187,0,0,0,0,118.74,0,3.6561,10.7615,4.2493,0.0598399865251811,0.91651420046725,108.826896163481,0.2805,387.974674379612
"191",2018-01-16,"ref","other",4,"llss",16,1,2018,47,187,0,0,0,0,0.6927,0,1.7503,2.443,1.7888,1,0.94442038400462,0.6542,0.2805,2.33226381461676
"192",2018-01-16,"ref","sticks",4,"llss",16,1,2018,47,187,0,0,0,0,62.9562,0,8.2684,71.2246,10.2683,1,0.968233470253923,60.9563,0.2805,217.313012477718
"193",2018-01-16,"ref","leaves",5,"llss",16,1,2018,53,68,0,0,0,0,102.46,0,3.6555,12.3934,4.5503,0.0852810853015811,0.897595532107257,91.9676382197095,0.102,901.643511957937
"194",2018-01-16,"ref","other",5,"llss",16,1,2018,53,68,0,0,0,0,0.3206,0,1.7462,2.0668,1.7672,1,0.934497816593886,0.2996,0.102,2.93725490196078
"195",2018-01-16,"ref","sticks",5,"llss",16,1,2018,53,68,0,0,0,0,8.3089,0,3.6312,11.9401,3.9428,1,0.962498044265787,7.9973,0.102,78.4049019607843
"196",2018-01-16,"ref","leaves",6,"llss",16,1,2018,87,328,0,0,0,0,94.42,0,3.6529,12.7073,4.4015,0.0958949375132387,0.917321965011486,86.6135399363845,0.492,176.043780358505
"197",2018-01-16,"ref","other",6,"llss",16,1,2018,87,328,0,0,0,0,1.4918,0,3.662,5.1538,3.7294,1,0.954819680922376,1.4244,0.492,2.89512195121951
"198",2018-01-16,"ref","sticks",6,"llss",16,1,2018,87,328,0,0,0,0,23.7322,0,8.2683,32.0005,8.839,1,0.975952503349879,23.1615,0.492,47.0762195121951
"199",2018-01-16,"ref","leaves",7,"llss",16,1,2018,106,163,0,0,0,0,79.99,0,3.6583,10.7728,4.4135,0.0889423677959745,0.893850586829714,71.4991084405088,0.2445,292.429891372224
"200",2018-01-16,"ref","other",7,"llss",16,1,2018,106,163,0,0,0,0,5.1723,0,3.6897,8.862,4.1083,1,0.919068886182163,4.7537,0.2445,19.4425357873211
"201",2018-01-16,"ref","sticks",7,"llss",16,1,2018,106,163,0,0,0,0,51.3376,0,8.2267,59.5643,8.9141,1,0.986610203827214,50.6502,0.2445,207.158282208589
"202",2018-01-16,"ref","leaves",8,"llss",16,1,2018,108,139,0,0,0,0,139.44,0,3.6016,13.018,4.9032,0.0675301204819277,0.861773076759696,120.165637823372,0.2085,576.3339943567
"203",2018-01-16,"ref","other",8,"llss",16,1,2018,108,139,0,0,0,0,2.5576,0,3.6764,6.234,3.7527,1,0.970167344385361,2.4813,0.2085,11.9007194244604
"204",2018-01-16,"ref","sticks",8,"llss",16,1,2018,108,139,0,0,0,0,32.6486,0,8.2285,40.8771,8.8643,1,0.980525964359881,32.0128,0.2085,153.53860911271
"205",2018-01-16,"ref","leaves",9,"llss",16,1,2018,126,42,0,0,0,0,46.71,0,3.6466,12.1135,4.2931,0.181265253692999,0.923643836587181,43.1434036069872,0.063,684.815930269638
"206",2018-01-16,"ref","other",9,"llss",16,1,2018,126,42,0,0,0,0,9.1864,0,3.651,12.8374,3.82,1,0.98160323957154,9.0174,0.063,143.133333333333
"207",2018-01-16,"ref","sticks",9,"llss",16,1,2018,126,42,0,0,0,0,11.5112,0,8.2417,19.7529,8.5624,1,0.972140176523733,11.1905,0.063,177.626984126984
"208",2018-01-16,"ref","leaves",10,"llss",16,1,2018,143,114,0,0,0,0,89.71,0,3.6265,11.3969,4.5608,0.0866168766023855,0.879761659631422,78.9234184855348,0.171,461.540458979736
"209",2018-01-16,"ref","other",10,"llss",16,1,2018,143,114,0,0,0,0,7.7414,0,3.6646,11.406,3.985,1,0.958612137339499,7.421,0.171,43.3976608187135
"210",2018-01-16,"ref","sticks",10,"llss",16,1,2018,143,114,0,0,0,0,57.9584,0,8.2298,66.1882,9.4788,1,0.978450060733215,56.7094,0.171,331.633918128655
"211",2018-01-16,"warm","leaves",1,"llss",16,1,2018,4,120,0,0,0,0,46.73,0,3.6804,11.7715,4.5067,0.173145730793923,0.897875443388414,41.9577194695406,0.18,233.098441497448
"212",2018-01-16,"warm","other",1,"llss",16,1,2018,4,120,0,0,0,0,0.8189,0,1.7655,2.5844,1.7973,1,0.961167419709366,0.7871,0.18,4.37277777777778
"213",2018-01-16,"warm","sticks",1,"llss",16,1,2018,4,120,0,0,0,0,7.3476,0,3.5982,10.9458,3.7708,1,0.976509336381948,7.175,0.18,39.8611111111111
"214",2018-01-16,"warm","leaves",2,"llss",16,1,2018,24,110,0,0,0,0,44.88,0,3.6215,11.2076,4.4476,0.169030748663102,0.891103465548833,39.9927235338316,0.165,242.380142629283
"215",2018-01-16,"warm","other",2,"llss",16,1,2018,24,110,0,0,0,0,0.8549,0,1.7378,2.5927,1.8091,1,0.916598432565212,0.7836,0.165,4.74909090909091
"216",2018-01-16,"warm","sticks",2,"llss",16,1,2018,24,110,0,0,0,0,14.4984,0,8.2556,22.754,11.3559,1,0.786162611046736,11.3981,0.165,69.0793939393939
"217",2018-01-16,"warm","leaves",3,"llss",16,1,2018,29,140,0,0,0,0,62.75,0,3.5985,10.3383,4.3187,0.107407171314741,0.893142229739755,56.0446749161696,0.21,266.879404362712
"218",2018-01-16,"warm","other",3,"llss",16,1,2018,29,140,0,0,0,0,0.9971,0,1.7373,2.7344,1.8134,1,0.923678668137599,0.921,0.21,4.38571428571429
"219",2018-01-16,"warm","sticks",3,"llss",16,1,2018,29,140,0,0,0,0,26.8093,0,8.1791,34.9884,8.7753,1,0.977761448452589,26.2131,0.21,124.824285714286
"220",2018-01-16,"warm","leaves",4,"llss",16,1,2018,42,100,0,0,0,0,103.89,0,3.6581,13.2021,5.4148,0.0918663971508326,0.815936714165968,84.7676652347024,0.15,565.11776823135
"221",2018-01-16,"warm","other",4,"llss",16,1,2018,42,100,0,0,0,0,1.099,0,3.6111,4.7101,3.7075,1,0.9122838944495,1.0026,0.15,6.684
"222",2018-01-16,"warm","sticks",4,"llss",16,1,2018,42,100,0,0,0,0,49.3416,0,8.2281,57.5697,9.78,1,0.96854783792986,47.7897,0.15,318.598
"223",2018-01-16,"warm","leaves",5,"llss",16,1,2018,55,170,0,0,0,0,109.6,0,3.6151,11.2503,4.2051,0.0696642335766423,0.922726320201174,101.130804694049,0.255,396.591390957053
"224",2018-01-16,"warm","other",5,"llss",16,1,2018,55,170,0,0,0,0,2.376,0,3.6422,6.0182,3.9053,1,0.889267676767677,2.1129,0.255,8.28588235294118
"225",2018-01-16,"warm","sticks",5,"llss",16,1,2018,55,170,0,0,0,0,91.3464,0,8.1912,99.5376,9.1181,1,0.989852911554259,90.4195,0.255,354.586274509804
"226",2018-01-16,"warm","leaves",6,"llss",16,1,2018,83,310,0,0,0,0,147.94,0,3.6697,14.9625,5.4345,0.076333648776531,0.84372343440068,124.820444885237,0.465,268.431064269326
"227",2018-01-16,"warm","other",6,"llss",16,1,2018,83,310,0,0,0,0,3.8152,0,1.7446,5.5598,2.1145,1,0.903045711889285,3.4453,0.465,7.40924731182796
"228",2018-01-16,"warm","sticks",6,"llss",16,1,2018,83,310,0,0,0,0,49.4178,0,8.2898,57.7076,8.9778,1,0.986077890962366,48.7298,0.465,104.795268817204
"229",2018-01-16,"warm","leaves",7,"llss",16,1,2018,94,130,0,0,0,0,109.82,0,3.6288,13.1635,4.3188,0.086821161901293,0.927632751948147,101.872628818946,0.195,522.423737533054
"230",2018-01-16,"warm","other",7,"llss",16,1,2018,94,130,0,0,0,0,23.4364,0,3.6296,27.066,4.4048,1,0.966923247597754,22.6612,0.195,116.211282051282
"231",2018-01-16,"warm","sticks",7,"llss",16,1,2018,94,130,0,0,0,0,75.2236,0,8.1666,83.3902,10.2333,1,0.972525909422043,73.1569,0.195,375.16358974359
"232",2018-01-16,"warm","leaves",8,"llss",16,1,2018,104,90,0,0,0,0,92.59,0,3.6685,11.9068,4.278,0.0889761313316773,0.92601628976852,85.7398482696673,0.135,635.109987182721
"233",2018-01-16,"warm","other",8,"llss",16,1,2018,104,90,0,0,0,0,31.7317,0,8.2432,39.9749,10.2745,1,0.935985150496192,29.7004,0.135,220.002962962963
"234",2018-01-16,"warm","sticks",8,"llss",16,1,2018,104,90,0,0,0,0,121.306,0,8.2241,129.5301,9.4713,1,0.989718562972977,120.0588,0.135,889.324444444444
"235",2018-01-16,"warm","leaves",9,"llss",16,1,2018,116,110,0,0,0,0,133.57,0,3.6264,14.6765,4.4884,0.0827289061915101,0.921991656184107,123.150425516511,0.165,746.366215251583
"236",2018-01-16,"warm","other",9,"llss",16,1,2018,116,110,0,0,0,0,4.6,0,1.7529,6.3529,2.3234,1,0.875978260869565,4.0295,0.165,24.4212121212121
"237",2018-01-16,"warm","sticks",9,"llss",16,1,2018,116,110,0,0,0,0,36.2514,0,8.3126,44.564,9.8504,1,0.95757956934077,34.7136,0.165,210.385454545454
"238",2018-01-16,"warm","leaves",10,"llss",16,1,2018,132,130,0,0,0,0,95.4,0,3.6257,13.2173,4.6877,0.100540880503145,0.889278118353559,84.8371324909295,0.195,435.062217902203
"239",2018-01-16,"warm","other",10,"llss",16,1,2018,132,130,0,0,0,0,1.7832,0,3.6031,5.3863,3.6537,1,0.971624046657694,1.7326,0.195,8.8851282051282
"240",2018-01-16,"warm","sticks",10,"llss",16,1,2018,132,130,0,0,0,0,50.6852,0,8.2277,58.9129,12.8387,1,0.909026698128842,46.0742,0.195,236.277948717949
"241",2018-02-12,"ref","leaves",1,"llss",12,2,2018,13,110,300.7,173.6,0.577319588,38.55,66.77410714,0,3.5461,8.1462,3.8418,0.0688904756203678,0.935718788721984,62.4817866510328,0.165,378.677494854744
"242",2018-02-12,"ref","other",1,"llss",12,2,2018,13,110,0,0,0,0,8.6082,0,3.6601,12.2683,4.9361,1,0.851769243279664,7.3322,0.165,44.4375757575758
"243",2018-02-12,"ref","sticks",1,"llss",12,2,2018,13,110,0,0,0,0,83.7,0,3.5436,20.8141,4.4798,0.206338112305854,0.945791957383978,79.162786833039,0.165,479.774465654782
"244",2018-02-12,"ref","leaves",2,"llss",12,2,2018,15,310,588.5,176.1,0.299235344,40.38,134.9439523,0,3.5454,11.6788,4.3851,0.0602724306008043,0.896759042958664,121.012209517608,0.465,260.241310790554
"245",2018-02-12,"ref","other",2,"llss",12,2,2018,15,310,0,0,0,0,4.9895,0,3.6249,8.6144,4.1258,1,0.899609179276481,4.4886,0.465,9.65290322580645
"246",2018-02-12,"ref","sticks",2,"llss",12,2,2018,15,310,0,0,0,0,146.35,0,3.5324,20.3423,4.2314,0.11486094977793,0.958417361197865,140.264380811308,0.465,301.643829701737
"247",2018-02-12,"ref","leaves",3,"llss",12,2,2018,32,90,0,0,0,0,38.57,0,3.5077,9.6444,4.0389,0.159105522426757,0.913438818909186,35.2313352453273,0.135,260.972853669091
"248",2018-02-12,"ref","other",3,"llss",12,2,2018,32,90,0,0,0,0,0.7851,0,3.655,4.4401,3.7205,1,0.916571137434722,0.7196,0.135,5.33037037037037
"249",2018-02-12,"ref","sticks",3,"llss",12,2,2018,32,90,0,0,0,0,41.8,0,3.5389,22.6137,4.2446,0.456334928229665,0.963003543942794,40.2535481368088,0.135,298.174430643028
"250",2018-02-12,"ref","leaves",4,"llss",12,2,2018,43,430,538.9,192.1,0.356466877,44.32,124.3313274,0,3.5214,11.3159,4.0797,0.0626913599572814,0.928372570402207,115.425793999856,0.645,178.954719379622
"251",2018-02-12,"ref","other",4,"llss",12,2,2018,43,430,0,0,0,0,0.3979,0,3.6671,4.065,3.6851,1,0.954762503141493,0.3799,0.645,0.588992248062016
"252",2018-02-12,"ref","sticks",4,"llss",12,2,2018,43,430,0,0,0,0,24.9,0,3.5416,18.0864,4.0215,0.584128514056225,0.967005390242561,24.0784342170398,0.645,37.3309057628524
"253",2018-02-12,"ref","leaves",5,"llss",12,2,2018,78,160,263.7,184.3,0.698900265,42.8,61.23906674,0,3.5404,10.7237,4.3698,0.117299305531513,0.884537747274929,54.1682661394187,0.24,225.701108914244
"254",2018-02-12,"ref","other",5,"llss",12,2,2018,78,160,0,0,0,0,1.3292,0,3.5972,4.9264,3.7757,1,0.865708696960578,1.1507,0.24,4.79458333333333
"255",2018-02-12,"ref","sticks",5,"llss",12,2,2018,78,160,0,0,0,0,7.5832,0,3.6774,11.2606,4.5837,1,0.880485810739529,6.6769,0.24,27.8204166666667
"256",2018-02-12,"ref","leaves",6,"llss",12,2,2018,89,210,662,112.5,0.169939577,26.02,153.1132444,0,3.5202,11.9,4.1814,0.0547294261370899,0.921095968877539,141.031992198601,0.315,447.72061015429
"257",2018-02-12,"ref","other",6,"llss",12,2,2018,89,210,0,0,0,0,2.2294,0,3.6407,5.8701,3.9057,1,0.881133937382255,1.9644,0.315,6.23619047619048
"258",2018-02-12,"ref","sticks",6,"llss",12,2,2018,89,210,0,0,0,0,53.66,0,3.5259,16.9614,4.0554,0.250382035035408,0.960589483085855,51.545231662387,0.315,163.63565607107
"259",2018-02-12,"ref","leaves",7,"llss",12,2,2018,98,340,1144.5,242.5,0.211882918,57.18,269.8660206,0,3.5237,9.6544,3.9374,0.0227175692084889,0.932519940626682,251.655445507071,0.51,493.442050013865
"260",2018-02-12,"ref","other",7,"llss",12,2,2018,98,340,0,0,0,0,2.9492,0,3.6112,6.5604,3.8682,1,0.912857724128577,2.6922,0.51,5.27882352941177
"261",2018-02-12,"ref","sticks",7,"llss",12,2,2018,98,340,0,0,0,0,50.72,0,3.5283,16.3506,4.3308,0.252805599369085,0.937413724526801,47.5456241079993,0.51,93.2267139372536
"262",2018-02-12,"ref","leaves",8,"llss",12,2,2018,114,50,0,0,0,0,39.06,0,3.5144,8.709,3.9368,0.132990271377368,0.918684788049128,35.8838278211989,0.075,478.451037615986
"263",2018-02-12,"ref","other",8,"llss",12,2,2018,114,50,0,0,0,0,0.4397,0,2.0446,2.4843,2.0718,1,0.938139640664089,0.4125,0.075,5.5
"264",2018-02-12,"ref","sticks",8,"llss",12,2,2018,114,50,0,0,0,0,10.1808,0,3.6168,13.7976,3.9574,1,0.966544868772591,9.8402,0.075,131.202666666667
"265",2018-02-12,"ref","leaves",9,"llss",12,2,2018,121,120,544.2,209.1,0.384233738,50.22,130.701693,0,3.5234,11.1608,4.1538,0.0584338261020077,0.91745882106476,119.913421170948,0.18,666.185673171935
"266",2018-02-12,"ref","other",9,"llss",12,2,2018,121,120,0,0,0,0,5.4002,0,3.647,9.0472,4.0815,1,0.919540017036406,4.9657,0.18,27.5872222222222
"267",2018-02-12,"ref","sticks",9,"llss",12,2,2018,121,120,0,0,0,0,50.48,0,3.54,20.6304,4.4117,0.338557844690967,0.948994757290643,47.9052553480316,0.18,266.140307489065
"268",2018-02-12,"ref","leaves",10,"llss",12,2,2018,142,160,1184.1,262.7,0.221856262,57.99,261.3854549,0,3.5104,11.3553,4.0272,0.0300127641111525,0.934122805899374,244.166114552472,0.24,1017.3588106353
"269",2018-02-12,"ref","other",10,"llss",12,2,2018,142,160,0,0,0,0,5.2248,0,2.1312,7.356,2.4869,1,0.93192083907518,4.8691,0.24,20.2879166666667
"270",2018-02-12,"ref","sticks",10,"llss",12,2,2018,142,160,0,0,0,0,45.9,0,3.519,16.7298,4.1529,0.287816993464052,0.952016531928422,43.6975588155146,0.24,182.073161731311
"271",2018-02-12,"warm","leaves",1,"llss",12,2,2018,7,120,0,0,0,0,20.43,0,3.5091,10.9975,4.164,0.366539402838962,0.912544735858127,18.6432889535815,0.18,103.573827519897
"272",2018-02-12,"warm","other",1,"llss",12,2,2018,7,120,0,0,0,0,0.0435,0,1.7436,1.7871,1.7398,0.999999999999997,1.08735632183908,0.0473,0.18,0.262777777777778
"273",2018-02-12,"warm","sticks",1,"llss",12,2,2018,7,120,0,0,0,0,6.2044,0,1.9255,8.1299,2.1518,1,0.963525884855909,5.9781,0.18,33.2116666666667
"274",2018-02-12,"warm","leaves",2,"llss",12,2,2018,19,110,0,0,0,0,45.11,0,3.5588,13.4503,4.0971,0.21927510529816,0.945579537987161,42.6550929586008,0.165,258.515714900611
"275",2018-02-12,"warm","other",2,"llss",12,2,2018,19,110,0,0,0,0,0,0,0,0,0,0,0,0,0.165,0
"276",2018-02-12,"warm","sticks",2,"llss",12,2,2018,19,110,0,0,0,0,17.874,0,8.196,26.07,8.8641,1,0.962621685129238,17.2059,0.165,104.278181818182
"277",2018-02-12,"warm","leaves",3,"llss",12,2,2018,34,140,462.8,159,0.343560933,35.82,104.2609811,0,3.5135,10.6551,4.0827,0.0684973412359343,0.92029797244315,95.9511695112636,0.21,456.910331006017
"278",2018-02-12,"warm","other",3,"llss",12,2,2018,34,140,0,0,0,0,2.2684,0,1.8318,4.1002,2.0577,1,0.90041438899665,2.0425,0.21,9.72619047619048
"279",2018-02-12,"warm","sticks",3,"llss",12,2,2018,34,140,0,0,0,0,37.42,0,3.5261,13.2137,4.1509,0.258888295029396,0.935505181881993,35.0066039060242,0.21,166.69811383821
"280",2018-02-12,"warm","leaves",4,"llss",12,2,2018,46,100,500.1,186.2,0.372325535,42.44,113.9862728,0,3.5157,13.0239,4.565,0.0834153075316627,0.889642624261164,101.407046863541,0.15,676.046979090273
"281",2018-02-12,"warm","other",4,"llss",12,2,2018,46,100,0,0,0,0,1.1593,0,1.7567,2.916,1.8605,1,0.910463210558095,1.0555,0.15,7.03666666666667
"282",2018-02-12,"warm","sticks",4,"llss",12,2,2018,46,100,0,0,0,0,64.51,0,3.5586,18.1882,4.3825,0.226780344132693,0.943682670749713,60.876969090064,0.15,405.846460600427
"283",2018-02-12,"warm","leaves",5,"llss",12,2,2018,53,170,0,0,0,0,50.3,0,3.5317,11.9427,4.4892,0.167216699801193,0.88616097966948,44.5738972773749,0.255,174.799597166176
"284",2018-02-12,"warm","other",5,"llss",12,2,2018,53,170,0,0,0,0,1.01,0,2.0166,3.0266,2.0844,1,0.932871287128713,0.9422,0.255,3.69490196078431
"285",2018-02-12,"warm","sticks",5,"llss",12,2,2018,53,170,0,0,0,0,20.27,0,3.5009,15.5181,3.863,0.592856438085841,0.969868188929201,19.6592281895949,0.255,77.0950125082153
"286",2018-02-12,"warm","leaves",6,"llss",12,2,2018,85,310,1002.1,193.4,0.192994711,42.27,219.021546,0,3.5216,12.6678,4.2089,0.0417593618848805,0.92485403774245,202.562961170694,0.465,435.619271334825
"287",2018-02-12,"warm","other",6,"llss",12,2,2018,85,310,0,0,0,0,7.6702,0,3.6538,11.324,4.7274,1,0.860029725430888,6.5966,0.465,14.1862365591398
"288",2018-02-12,"warm","sticks",6,"llss",12,2,2018,85,310,0,0,0,0,118.31,0,3.5142,20.9117,4.0808,0.147050122559378,0.967432102313551,114.456892024716,0.465,246.143853816594
"289",2018-02-12,"warm","leaves",7,"llss",12,2,2018,89,130,432.1,140.1,0.324230502,33.91,104.5860885,0,3.5346,12.6684,4.1994,0.0873328387264431,0.9272153977534,96.9738316479997,0.195,497.301700758973
"290",2018-02-12,"warm","other",7,"llss",12,2,2018,89,130,0,0,0,0,9.8815,0,3.6671,13.5486,5.6666,1,0.797652178313009,7.882,0.195,40.4205128205128
"291",2018-02-12,"warm","sticks",7,"llss",12,2,2018,89,130,0,0,0,0,74.67,0,3.5137,17.3629,3.8975,0.185472077139413,0.972287207925367,72.6006858157872,0.195,372.311209311729
"292",2018-02-12,"warm","leaves",8,"llss",12,2,2018,99,90,0,0,0,0,35.01,0,3.5109,11.5652,4.0084,0.230057126535276,0.938231751983413,32.8474936369393,0.135,243.314767681032
"293",2018-02-12,"warm","other",8,"llss",12,2,2018,99,90,0,0,0,0,0,0,0,0,0,0,0,0,0.135,0
"294",2018-02-12,"warm","sticks",8,"llss",12,2,2018,99,90,0,0,0,0,18.6984,0,8.1524,26.8508,8.503,1,0.981249732597442,18.3478,0.135,135.90962962963
"295",2018-02-12,"warm","leaves",9,"llss",12,2,2018,122,110,744.4,164.4,0.220849006,40.3,182.4776156,0,3.5267,9.9563,3.9799,0.0352350066547012,0.929513500062212,169.615407159363,0.165,1027.9721646022
"296",2018-02-12,"warm","other",9,"llss",12,2,2018,122,110,0,0,0,0,6.9427,0,2.0196,8.9623,2.4683,1,0.935370965186455,6.494,0.165,39.3575757575758
"297",2018-02-12,"warm","sticks",9,"llss",12,2,2018,122,110,0,0,0,0,47.68,0,3.5418,17.7504,4.288,0.297999161073825,0.947482510592177,45.175966105035,0.165,273.793733969909
"298",2018-02-12,"warm","leaves",10,"llss",12,2,2018,123,130,506.5,196.4,0.387759131,46.5,119.9198065,0,3.5271,14.2799,4.5392,0.0896665889800281,0.90587567889294,108.632436125897,0.195,557.089416030243
"299",2018-02-12,"warm","other",10,"llss",12,2,2018,123,130,0,0,0,0,8.0858,0,2.0541,10.1399,2.3428,1,0.964295431497193,7.7971,0.195,39.9851282051282
"300",2018-02-12,"warm","sticks",10,"llss",12,2,2018,123,130,0,0,0,0,37.54,0,3.5295,16.0995,4.1065,0.334842834310069,0.954097056483691,35.8168035003978,0.195,183.675915386655
"301",2018-03-12,"ref","leaves",1,"llss",12,3,2018,4,100,0,0,0,0,64.2,0,3.5529,14.9166,5.111,0.177004672897196,0.86288796782738,55.3974075345178,0.15,369.316050230119
"302",2018-03-12,"ref","other",1,"llss",12,3,2018,4,100,0,0,0,0,2.4057,0,3.568,5.9737,3.9496,1,0.841376730265619,2.0241,0.15,13.494
"303",2018-03-12,"ref","sticks",1,"llss",12,3,2018,4,100,0,0,0,0,29.2801,0,8.2597,37.5398,10.4605,1,0.92483632228032,27.0793,0.15,180.528666666667
"304",2018-03-12,"ref","leaves",2,"llss",12,3,2018,24,150,400.67,162.63,0.405895126,37.84,93.22605177,0,3.6534,14.0104,5.1935,0.111095555409254,0.851298638601912,79.3632109540323,0.225,352.725382017922
"305",2018-03-12,"ref","other",2,"llss",12,3,2018,24,150,0,0,0,0,3.7542,0,3.5338,7.288,3.9667,1,0.884689148154067,3.3213,0.225,14.7613333333333
"306",2018-03-12,"ref","sticks",2,"llss",12,3,2018,24,150,0,0,0,0,38.3724,0,8.2919,46.6643,16.8075,1,0.778080078389676,29.8568,0.225,132.696888888889
"307",2018-03-12,"ref","leaves",3,"llss",12,3,2018,36,270,522.62,232.26,0.44441468,50.47,113.5651055,0,3.6102,14.9978,5.0474,0.100273758826385,0.873792546278408,99.2323427032211,0.405,245.01813013141
"308",2018-03-12,"ref","other",3,"llss",12,3,2018,36,270,0,0,0,0,3.3238,0,3.6712,6.995,4.1153,1,0.866387869306216,2.8797,0.405,7.11037037037037
"309",2018-03-12,"ref","sticks",3,"llss",12,3,2018,36,270,0,0,0,0,58.69,0,3.5297,18.6428,4.9873,0.257507241438064,0.903553870483223,53.0295766586604,0.405,130.93722631768
"310",2018-03-12,"ref","leaves",4,"llss",12,3,2018,41,150,0,0,0,0,76.76,0,3.6265,13.9187,5.0828,0.134082855653986,0.858504498552302,65.8988053088747,0.225,292.883579150554
"311",2018-03-12,"ref","other",4,"llss",12,3,2018,41,150,0,0,0,0,0.9491,0,3.5303,4.4794,3.6556,1,0.867980191760615,0.8238,0.225,3.66133333333333
"312",2018-03-12,"ref","sticks",4,"llss",12,3,2018,41,150,0,0,0,0,26.7224,0,8.199,34.9214,15.1172,1,0.741108583061402,19.8042,0.225,88.0186666666667
"313",2018-03-12,"ref","leaves",5,"llss",12,3,2018,75,120,514.55,160.25,0.311437178,36.25,116.3958658,0,3.6056,14.9298,4.76,0.097290397061508,0.898059024037018,104.530357642292,0.18,580.724209123843
"314",2018-03-12,"ref","other",5,"llss",12,3,2018,75,120,0,0,0,0,0.9361,0,3.5316,4.4677,3.5971,1,0.930028843072321,0.8706,0.18,4.83666666666667
"315",2018-03-12,"ref","sticks",5,"llss",12,3,2018,75,120,0,0,0,0,24.54,0,8.2426,32.7826,11.0257,1,0.88658924205379,21.7569,0.18,120.871666666667
"316",2018-03-12,"ref","leaves",6,"llss",12,3,2018,85,282,0,0,0,0,107.49,0,3.5104,12.4709,4.497,0.0833612429063169,0.889894537135205,95.6547637966631,0.423,226.134193372726
"317",2018-03-12,"ref","other",6,"llss",12,3,2018,85,282,0,0,0,0,1.7044,0,3.524,5.2284,3.6734,1,0.912344520065712,1.555,0.423,3.67612293144208
"318",2018-03-12,"ref","sticks",6,"llss",12,3,2018,85,282,0,0,0,0,25.4559,0,8.1498,33.6057,9.4305,1,0.949689462953578,24.1752,0.423,57.1517730496454
"319",2018-03-12,"ref","leaves",7,"llss",12,3,2018,100,223,775.65,195,0.25140205,42.46,168.8928154,0,3.656,14.043,4.7514,0.0615005438532112,0.894541253489939,151.081590793361,0.3345,451.663948560122
"320",2018-03-12,"ref","other",7,"llss",12,3,2018,100,223,0,0,0,0,1.87,0,3.6592,5.5292,3.8845,1,0.87951871657754,1.6447,0.3345,4.9168908819133
"321",2018-03-12,"ref","sticks",7,"llss",12,3,2018,100,223,0,0,0,0,44.96,0,3.6423,17.1999,4.8612,0.301548042704626,0.910094707027792,40.9178580279696,0.3345,122.325435061194
"322",2018-03-12,"ref","leaves",8,"llss",12,3,2018,110,108,740.55,242.91,0.328012963,52.68,160.6034087,0,3.5518,14.1854,4.7746,0.0662103008029119,0.885006018657839,142.134983316465,0.162,877.376440225091
"323",2018-03-12,"ref","other",8,"llss",12,3,2018,110,108,0,0,0,0,14.9525,0,3.5249,18.4774,5.8832,1,0.842280555091122,12.5942,0.162,77.741975308642
"324",2018-03-12,"ref","sticks",8,"llss",12,3,2018,110,108,0,0,0,0,58.03,0,3.5157,18.1829,4.455,0.252752024814751,0.935959146940111,54.3137092969347,0.162,335.269810474905
"325",2018-03-12,"ref","leaves",9,"llss",12,3,2018,122,123,868.06,161.93,0.186542405,34.91,187.1424356,0,3.6464,15.6258,5.1704,0.0640122052574162,0.872781608427801,163.334475948064,0.1845,885.281712455633
"326",2018-03-12,"ref","other",9,"llss",12,3,2018,122,123,0,0,0,0,10.9253,0,3.5215,14.4468,4.2998,1,0.92876168160142,10.147,0.1845,54.9972899728997
"327",2018-03-12,"ref","sticks",9,"llss",12,3,2018,122,123,0,0,0,0,70,0,3.5307,17.3017,4.5818,0.196728571428571,0.923672935879747,64.6571055115823,0.1845,350.445016322939
"328",2018-03-12,"ref","leaves",10,"llss",12,3,2018,137,100,0,0,0,0,0.2118,0,3.6431,3.8549,3.7513,1,0.489140698772427,0.1036,0.15,0.690666666666667
"329",2018-03-12,"ref","other",10,"llss",12,3,2018,137,100,0,0,0,0,0,0,0,0,0,0,0,0,0.15,0
"330",2018-03-12,"ref","sticks",10,"llss",12,3,2018,137,100,0,0,0,0,0.5207,0,3.6492,4.1699,3.6661,1,0.967543691184943,0.5038,0.15,3.35866666666667
"331",2018-03-12,"warm","leaves",1,"llss",12,3,2018,11,150,1094.17,208.48,0.190537119,42.96,225.467878,0,3.5335,13.0695,4.8132,0.0422942730671373,0.86580327181208,195.210826460927,0.225,867.603673159676
"332",2018-03-12,"warm","other",1,"llss",12,3,2018,11,150,0,0,0,0,2.2123,0,3.5451,5.7574,3.7922,1,0.888306287574018,1.9652,0.225,8.73422222222222
"333",2018-03-12,"warm","sticks",1,"llss",12,3,2018,11,150,0,0,0,0,23.1517,0,8.2303,31.382,9.4862,1,0.945753443591615,21.8958,0.225,97.3146666666667
"334",2018-03-12,"warm","leaves",2,"llss",12,3,2018,13,90,0,0,0,0,6.69,0,3.5515,9.2046,4.2822,0.845007473841554,0.870743485875007,5.8252739205038,0.135,43.150177188917
"335",2018-03-12,"warm","other",2,"llss",12,3,2018,13,90,0,0,0,0,2.6692,0,3.5227,6.1919,3.6238,1,0.962123482691443,2.5681,0.135,19.022962962963
"336",2018-03-12,"warm","sticks",2,"llss",12,3,2018,13,90,0,0,0,0,2.4864,0,3.5508,6.0372,3.5801,1,0.988215894465895,2.4571,0.135,18.2007407407407
"337",2018-03-12,"warm","leaves",3,"llss",12,3,2018,35,150,0,0,0,0,7.08,0,3.5414,9.205,4.0478,0.799943502824859,0.910586905854933,6.44695529345293,0.225,28.6531346375686
"338",2018-03-12,"warm","other",3,"llss",12,3,2018,35,150,0,0,0,0,0.0379,0,3.5285,3.5664,3.5348,0.999999999999989,0.833773087071239,0.0316,0.225,0.140444444444444
"339",2018-03-12,"warm","sticks",3,"llss",12,3,2018,35,150,0,0,0,0,4.5854,0,3.5254,8.1108,3.6579,1,0.971103938587691,4.4529,0.225,19.7906666666667
"340",2018-03-12,"warm","leaves",4,"llss",12,3,2018,45,100,0,0,0,0,76.36,0,3.5128,15.3432,6.0479,0.154929282346778,0.78571307817149,59.997050649175,0.15,399.980337661167
"341",2018-03-12,"warm","other",4,"llss",12,3,2018,45,100,0,0,0,0,0.1172,0,3.538,3.6552,3.549,1,0.906143344709897,0.1062,0.15,0.707999999999999
"342",2018-03-12,"warm","sticks",4,"llss",12,3,2018,45,100,0,0,0,0,14.0448,0,3.5285,17.5733,4.2602,1,0.947902426520848,13.3131,0.15,88.754
"343",2018-03-12,"warm","leaves",5,"llss",12,3,2018,49,140,0,0,0,0,18.64,0,3.6421,14.3547,4.855,0.574710300429184,0.886778186434666,16.5295453951422,0.21,78.7121209292484
"344",2018-03-12,"warm","other",5,"llss",12,3,2018,49,140,0,0,0,0,3.3906,0,3.5481,6.9387,4.0561,1,0.850174010499617,2.8826,0.21,13.7266666666667
"345",2018-03-12,"warm","sticks",5,"llss",12,3,2018,49,140,0,0,0,0,71.6047,0,8.2217,79.8264,12.5906,1,0.93898584869429,67.2358,0.21,320.170476190476
"346",2018-03-12,"warm","leaves",6,"llss",12,3,2018,79,170,379.13,252.09,0.664917047,53.2,80.00998056,0,3.5249,15.4651,4.6847,0.14923388202858,0.902865948644076,72.2382869992985,0.255,283.287399997249
"347",2018-03-12,"warm","other",6,"llss",12,3,2018,79,170,0,0,0,0,4.3551,0,3.516,7.8711,3.7106,1,0.95531675506877,4.1605,0.255,16.3156862745098
"348",2018-03-12,"warm","sticks",6,"llss",12,3,2018,79,170,0,0,0,0,49.1372,0,8.2474,57.3846,10.7863,1,0.948330389195965,46.5983,0.255,182.738431372549
"349",2018-03-12,"warm","leaves",7,"llss",12,3,2018,90,120,0,0,0,0,58.32,0,3.6178,13.8987,4.7528,0.176284293552812,0.889601104961628,51.8815364413621,0.18,288.230758007567
"350",2018-03-12,"warm","other",7,"llss",12,3,2018,90,120,0,0,0,0,10.6805,0,3.5061,14.1866,5.7699,1,0.788043630916156,8.4167,0.18,46.7594444444444
"351",2018-03-12,"warm","sticks",7,"llss",12,3,2018,90,120,0,0,0,0,70.79,0,3.5356,19.5338,5.9625,0.225995197061732,0.848301683939443,60.0512762060732,0.18,333.618201144851
"352",2018-03-12,"warm","leaves",8,"llss",12,3,2018,103,160,392.52,159.04,0.405176806,34.1,84.16078974,0,3.5424,13.4387,4.4009,0.117588012548039,0.913250406717662,76.8598754597347,0.24,320.249481082228
"353",2018-03-12,"warm","other",8,"llss",12,3,2018,103,160,0,0,0,0,27.8417,0,8.2094,36.0511,11.5472,1,0.880115079179791,24.5039,0.24,102.099583333333
"354",2018-03-12,"warm","sticks",8,"llss",12,3,2018,103,160,0,0,0,0,16.0452,0,8.1482,24.1934,9.2556,1,0.930982474509511,14.9378,0.24,62.2408333333333
"355",2018-03-12,"warm","leaves",9,"llss",12,3,2018,119,60,0,0,0,0,28.47,0,3.5233,13.8688,4.3107,0.363382507903056,0.923889613841767,26.3031373060751,0.09,292.257081178612
"356",2018-03-12,"warm","other",9,"llss",12,3,2018,119,60,0,0,0,0,0.0438,0,3.5114,3.5552,3.5186,1,0.835616438356162,0.0365999999999999,0.09,0.406666666666666
"357",2018-03-12,"warm","sticks",9,"llss",12,3,2018,119,60,0,0,0,0,3.0078,0,3.516,6.5238,3.6686,1,0.949265243699714,2.8552,0.09,31.7244444444444
"358",2018-03-12,"warm","leaves",10,"llss",12,3,2018,127,140,659.44,230.92,0.350175907,51.83,148.0113251,0,3.5076,13.2203,3.9428,0.0656213299451097,0.955192685864899,141.379335160692,0.21,673.234929336627
"359",2018-03-12,"warm","other",10,"llss",12,3,2018,127,140,0,0,0,0,2.5679,0,3.5284,6.0963,3.6755,1,0.942715837844153,2.4208,0.21,11.527619047619
"360",2018-03-12,"warm","sticks",10,"llss",12,3,2018,127,140,0,0,0,0,39.0412,0,8.1774,47.2186,11.536,1,0.913972931159903,35.6826,0.21,169.917142857143
"361",2018-04-09,"ref","leaves",1,"llss",9,4,2018,6,90,0,0,0,0,25.1,0,3.5712,12.1982,4.3742,0.343705179282868,0.906920134461574,22.7636953749855,0.135,168.619965740633
"362",2018-04-09,"ref","other",1,"llss",9,4,2018,6,90,0,0,0,0,0.421,0,3.5158,3.9368,3.5513,1,0.915676959619953,0.3855,0.135,2.85555555555556
"363",2018-04-09,"ref","sticks",1,"llss",9,4,2018,6,90,0,0,0,0,0,0,0,0,0,0,0,0,0.135,0
"364",2018-04-09,"ref","leaves",2,"llss",9,4,2018,19,350,1002.24,324.57,0.323844588,68.36,211.0889066,0,3.523,13.9083,4.683,0.0491987009989089,0.888303659980935,187.511048314154,0.525,357.163901550769
"365",2018-04-09,"ref","other",2,"llss",9,4,2018,19,350,0,0,0,0,44.0975,0,9.3969,53.4944,14.393,1,0.886703327853053,39.1014,0.525,74.4788571428571
"366",2018-04-09,"ref","sticks",2,"llss",9,4,2018,19,350,0,0,0,0,0,0,0,0,0,0,0,0,0.525,0
"367",2018-04-09,"ref","leaves",3,"llss",9,4,2018,39,190,380.76,160.67,0.421971846,33.9,80.33711334,0,3.6701,14.7606,4.8048,0.138049520811921,0.897687209774131,72.1175991154927,0.285,253.044207422782
"368",2018-04-09,"ref","other",3,"llss",9,4,2018,39,190,0,0,0,0,0.3768,0,3.5252,3.902,3.5593,1,0.909501061571125,0.3427,0.285,1.20245614035088
"369",2018-04-09,"ref","sticks",3,"llss",9,4,2018,39,190,0,0,0,0,0,0,0,0,0,0,0,0,0.285,0
"370",2018-04-09,"ref","leaves",4,"llss",9,4,2018,51,400,0,0,0,0,46.31,0,3.6356,12.7418,4.6884,0.196635715828115,0.884386461970965,40.9559370538754,0.6,68.2598950897923
"371",2018-04-09,"ref","other",4,"llss",9,4,2018,51,400,0,0,0,0,0.0848,0,3.6429,3.7277,3.6577,1,0.825471698113206,0.0699999999999999,0.6,0.116666666666666
"372",2018-04-09,"ref","sticks",4,"llss",9,4,2018,51,400,0,0,0,0,0,0,0,0,0,0,0,0,0.6,0
"373",2018-04-09,"ref","leaves",5,"llss",9,4,2018,56,80,0,0,0,0,36.52,0,3.5196,13.2591,4.5272,0.266689485213582,0.896544997176446,32.7418232968838,0.12,272.848527474032
"374",2018-04-09,"ref","other",5,"llss",9,4,2018,56,80,0,0,0,0,0.1054,0,3.5342,3.6396,3.5483,1,0.866223908918407,0.0913,0.12,0.760833333333334
"375",2018-04-09,"ref","sticks",5,"llss",9,4,2018,56,80,0,0,0,0,0,0,0,0,0,0,0,0,0.12,0
"376",2018-04-09,"ref","leaves",6,"llss",9,4,2018,84,280,0,0,0,0,107.67,0,6.6208,13.5135,4.773,0.0640169035014396,1.26808072308384,136.534251454437,0.42,325.081551081994
"377",2018-04-09,"ref","other",6,"llss",9,4,2018,84,280,0,0,0,0,2.486,0,3.6494,6.1354,3.6119,1,1.01508447304907,2.5235,0.42,6.00833333333333
"378",2018-04-09,"ref","sticks",6,"llss",9,4,2018,84,280,0,0,0,0,0,0,0,0,0,0,0,0,0.42,0
"379",2018-04-09,"ref","leaves",7,"llss",9,4,2018,101,280,0,0,0,0,92.59,0,3.5529,14.4769,4.7135,0.117982503510098,0.89375686561699,82.7529481874771,0.42,197.030829017803
"380",2018-04-09,"ref","other",7,"llss",9,4,2018,101,280,0,0,0,0,2.0516,0,3.6064,5.658,3.7388,1,0.935465002924547,1.9192,0.42,4.56952380952381
"381",2018-04-09,"ref","sticks",7,"llss",9,4,2018,101,280,0,0,0,0,0,0,0,0,0,0,0,0,0.42,0
"382",2018-04-09,"ref","leaves",8,"llss",9,4,2018,117,70,0,0,0,0,32.98,0,3.638,9.798,4.2645,0.18677986658581,0.898295454545455,29.6257840909091,0.105,282.150324675325
"383",2018-04-09,"ref","other",8,"llss",9,4,2018,117,70,0,0,0,0,0.7472,0,3.5428,4.29,3.5725,1,0.960251605995718,0.7175,0.105,6.83333333333334
"384",2018-04-09,"ref","sticks",8,"llss",9,4,2018,117,70,0,0,0,0,0,0,0,0,0,0,0,0,0.105,0
"385",2018-04-09,"ref","leaves",9,"llss",9,4,2018,124,120,638.16,200.85,0.314732982,45.19,143.5820284,0,3.677,10.8172,4.2777,0.0497290648388695,0.915870703901851,131.502573418364,0.18,730.569852324242
"386",2018-04-09,"ref","other",9,"llss",9,4,2018,124,120,0,0,0,0,6.6138,0,3.5684,10.1822,4.0169,1,0.932187244851674,6.1653,0.18,34.2516666666667
"387",2018-04-09,"ref","sticks",9,"llss",9,4,2018,124,120,0,0,0,0,0,0,0,0,0,0,0,0,0.18,0
"388",2018-04-09,"ref","leaves",10,"llss",9,4,2018,139,180,0,0,0,0,72.82,0,3.525,11.019,4.2141,0.102911288107663,0.90804643714972,66.1239415532426,0.27,244.903487234232
"389",2018-04-09,"ref","other",10,"llss",9,4,2018,139,180,0,0,0,0,4.8936,0,3.6469,8.5405,4.5075,1,0.824137649174432,4.033,0.27,14.937037037037
"390",2018-04-09,"ref","sticks",10,"llss",9,4,2018,139,180,0,0,0,0,0,0,0,0,0,0,0,0,0.27,0
"391",2018-04-09,"warm","leaves",1,"llss",9,4,2018,8,180,0,0,0,0,16.49,0,3.519,9.4948,4.2171,0.362389326864767,0.883178821245691,14.5636187623414,0.27,53.9393287494127
"392",2018-04-09,"warm","other",1,"llss",9,4,2018,8,180,0,0,0,0,0.3314,0,3.5975,3.9289,3.6549,1,0.826795413397707,0.274,0.27,1.01481481481482
"393",2018-04-09,"warm","sticks",1,"llss",9,4,2018,8,180,0,0,0,0,0,0,0,0,0,0,0,0,0.27,0
"394",2018-04-09,"warm","leaves",2,"llss",9,4,2018,20,120,0,0,0,0,36.28,0,3.6618,14.5706,4.9026,0.300683572216097,0.886256966852449,32.1534027574069,0.18,178.630015318927
"395",2018-04-09,"warm","other",2,"llss",9,4,2018,20,120,0,0,0,0,0.5166,0,3.6236,4.1402,3.6819,1,0.887146728610143,0.4583,0.18,2.54611111111111
"396",2018-04-09,"warm","sticks",2,"llss",9,4,2018,20,120,0,0,0,0,0,0,0,0,0,0,0,0,0.18,0
"397",2018-04-09,"warm","leaves",3,"llss",9,4,2018,36,120,0,0,0,0,23.77,0,3.5235,13.5477,4.6193,0.421716449305848,0.89068454340496,21.1715715967359,0.18,117.619842204088
"398",2018-04-09,"warm","other",3,"llss",9,4,2018,36,120,0,0,0,0,3.4875,0,3.6541,7.1416,4.0861,1,0.876129032258064,3.0555,0.18,16.975
"399",2018-04-09,"warm","sticks",3,"llss",9,4,2018,36,120,0,0,0,0,0,0,0,0,0,0,0,0,0.18,0
"400",2018-04-09,"warm","leaves",4,"llss",9,4,2018,37,100,0,0,0,0,2.47,0,3.6607,6.1328,4.0811,1.00085020242915,0.82994215444359,2.04995712147567,0.15,13.6663808098378
"401",2018-04-09,"warm","other",4,"llss",9,4,2018,37,100,0,0,0,0,0.162,0,3.552,3.714,3.5732,0.999999999999999,0.869135802469136,0.1408,0.15,0.938666666666668
"402",2018-04-09,"warm","sticks",4,"llss",9,4,2018,37,100,0,0,0,0,0,0,0,0,0,0,0,0,0.15,0
"403",2018-04-09,"warm","leaves",5,"llss",9,4,2018,60,120,0,0,0,0,25.1,0,3.5712,12.1982,4.3737,0.343705179282868,0.906978092036629,22.7651501101194,0.18,126.47305616733
"404",2018-04-09,"warm","other",5,"llss",9,4,2018,60,120,0,0,0,0,0,0,0,0,0,0,0,0,0.18,0
"405",2018-04-09,"warm","sticks",5,"llss",9,4,2018,60,120,0,0,0,0,0,0,0,0,0,0,0,0,0.18,0
"406",2018-04-09,"warm","leaves",6,"llss",9,4,2018,84,330,640.73,345.32,0.538947763,73.41,136.2098613,0,3.6455,13.8148,4.6774,0.0746590584774349,0.89852792227587,122.388363667373,0.495,247.249219530047
"407",2018-04-09,"warm","other",6,"llss",9,4,2018,84,330,0,0,0,0,4.4876,0,3.508,7.9956,3.695,1,0.958329619395668,4.3006,0.495,8.68808080808081
"408",2018-04-09,"warm","sticks",6,"llss",9,4,2018,84,330,0,0,0,0,0,0,0,0,0,0,0,0,0.495,0
"409",2018-04-09,"warm","leaves",7,"llss",9,4,2018,91,70,0,0,0,0,10.07,0,3.536,10.7797,4.4149,0.719334657398213,0.878666979582258,8.84817648439333,0.105,84.2683474704127
"410",2018-04-09,"warm","other",7,"llss",9,4,2018,91,70,0,0,0,0,0.0625,0,3.6262,3.6887,3.6293,1,0.950399999999995,0.0593999999999997,0.105,0.565714285714283
"411",2018-04-09,"warm","sticks",7,"llss",9,4,2018,91,70,0,0,0,0,0,0,0,0,0,0,0,0,0.105,0
"412",2018-04-09,"warm","leaves",8,"llss",9,4,2018,110,60,0,0,0,0,4.95,0,3.5291,5.8147,3.6617,0.461737373737374,0.941984599229961,4.66282376618831,0.09,51.8091529576479
"413",2018-04-09,"warm","other",8,"llss",9,4,2018,110,60,0,0,0,0,0.8283,0,3.5116,4.3399,3.74,1,0.724254497162863,0.5999,0.09,6.66555555555555
"414",2018-04-09,"warm","sticks",8,"llss",9,4,2018,110,60,0,0,0,0,0,0,0,0,0,0,0,0,0.09,0
"415",2018-04-09,"warm","leaves",9,"llss",9,4,2018,112,40,0,0,0,0,66.22,0,3.645,15.4682,5.1512,0.178544246451223,0.872606400974355,57.7839958725218,0.06,963.066597875364
"416",2018-04-09,"warm","other",9,"llss",9,4,2018,112,40,0,0,0,0,14.3585,0,3.5341,17.8926,5.273,1,0.878894034892224,12.6196,0.06,210.326666666667
"417",2018-04-09,"warm","sticks",9,"llss",9,4,2018,112,40,0,0,0,0,0,0,0,0,0,0,0,0,0.06,0
"418",2018-04-09,"warm","leaves",10,"llss",9,4,2018,134,100,0,0,0,0,22.48,0,3.6164,11.749,4.1912,0.361770462633452,0.929321496200477,20.8911472345867,0.15,139.274314897245
"419",2018-04-09,"warm","other",10,"llss",9,4,2018,134,100,0,0,0,0,0.0297,0,3.5136,3.5433,3.5186,1,0.831649831649821,0.0246999999999997,0.15,0.164666666666664
"420",2018-04-09,"warm","sticks",10,"llss",9,4,2018,134,100,0,0,0,0,0,0,0,0,0,0,0,0,0.15,0
"421",2018-05-08,"ref","leaves",1,"llss",8,5,2018,11,90,0,0,0,0,15.47,0,3.5436,12.373,4.4623,0.570743374272786,0.895949894670079,13.8603448705461,0.135,102.669221263305
"422",2018-05-08,"ref","other",1,"llss",8,5,2018,11,90,0,0,0,0,1.2077,0,3.5384,4.7461,3.9458,1,0.662664569015484,0.8003,0.135,5.92814814814815
"423",2018-05-08,"ref","sticks",1,"llss",8,5,2018,11,90,0,0,0,0,0,0,0,0,0,0,0,0,0.135,0
"424",2018-05-08,"ref","leaves",2,"llss",8,5,2018,16,210,0,0,0,0,88.79,0,3.6306,17.5975,6.6234,0.157302624169388,0.785721956912414,69.7642525542533,0.315,221.47381763255
"425",2018-05-08,"ref","other",2,"llss",8,5,2018,16,210,0,0,0,0,9.4679,0,3.6541,13.122,5.4665,1,0.808574235046842,7.6555,0.315,24.3031746031746
"426",2018-05-08,"ref","sticks",2,"llss",8,5,2018,16,210,0,0,0,0,0,0,0,0,0,0,0,0,0.315,0
"427",2018-05-08,"ref","leaves",3,"llss",8,5,2018,34,180,0,0,0,0,33.89,0,3.5684,14.6563,5.5604,0.327173207435822,0.820344700078464,27.8014818856591,0.27,102.968451428367
"428",2018-05-08,"ref","other",3,"llss",8,5,2018,34,180,0,0,0,0,1.2456,0,3.5231,4.7687,3.6647,1,0.886319845857418,1.104,0.27,4.08888888888889
"429",2018-05-08,"ref","sticks",3,"llss",8,5,2018,34,180,0,0,0,0,0,0,0,0,0,0,0,0,0.27,0
"430",2018-05-08,"ref","leaves",4,"llss",8,5,2018,44,160,0,0,0,0,107.67,0,3.6361,15.4669,6.5276,0.109880189467818,0.75559556412077,81.3549743888833,0.24,338.97905995368
"431",2018-05-08,"ref","other",4,"llss",8,5,2018,44,160,0,0,0,0,0.4902,0,3.5075,3.9977,3.5528,1,0.907588739290085,0.4449,0.24,1.85375
"432",2018-05-08,"ref","sticks",4,"llss",8,5,2018,44,160,0,0,0,0,0,0,0,0,0,0,0,0,0.24,0
"433",2018-05-08,"ref","leaves",5,"llss",8,5,2018,76,80,0,0,0,0,52,0,3.5541,14.2063,4.5353,0.20485,0.90788757252023,47.210153771052,0.12,393.4179480921
"434",2018-05-08,"ref","other",5,"llss",8,5,2018,76,80,0,0,0,0,1.1284,0,3.5334,4.6618,3.7804,1,0.78110599078341,0.8814,0.12,7.345
"435",2018-05-08,"ref","sticks",5,"llss",8,5,2018,76,80,0,0,0,0,0,0,0,0,0,0,0,0,0.12,0
"436",2018-05-08,"ref","leaves",6,"llss",8,5,2018,90,270,0,0,0,0,61.81,0,3.5507,18.0322,7.7697,0.234290567869277,0.708662776646066,43.8024462244933,0.405,108.154188208625
"437",2018-05-08,"ref","other",6,"llss",8,5,2018,90,270,0,0,0,0,0.4884,0,3.5213,4.0097,3.5811,0.999999999999999,0.877559377559377,0.4286,0.405,1.05827160493827
"438",2018-05-08,"ref","sticks",6,"llss",8,5,2018,90,270,0,0,0,0,0,0,0,0,0,0,0,0,0.405,0
"439",2018-05-08,"ref","leaves",7,"llss",8,5,2018,95,250,0,0,0,0,0,0,0,0,0,0,0,0,0.375,0
"440",2018-05-08,"ref","other",7,"llss",8,5,2018,95,250,0,0,0,0,0,0,0,0,0,0,0,0,0.375,0
"441",2018-05-08,"ref","sticks",7,"llss",8,5,2018,95,250,0,0,0,0,0,0,0,0,0,0,0,0,0.375,0
"442",2018-05-08,"ref","leaves",8,"llss",8,5,2018,112,95,880.94,290.37,0.329613822,59.72,181.1817226,0,3.6362,14.656,4.6966,0.0608218083030854,0.903773208225195,163.747186705969,0.1425,1149.10306460329
"443",2018-05-08,"ref","other",8,"llss",8,5,2018,112,95,0,0,0,0,4.0135,0,3.6211,7.6346,3.9134,1,0.927170798554877,3.7212,0.1425,26.1136842105263
"444",2018-05-08,"ref","sticks",8,"llss",8,5,2018,112,95,0,0,0,0,0,0,0,0,0,0,0,0,0.1425,0
"445",2018-05-08,"ref","leaves",9,"llss",8,5,2018,120,110,0,0,0,0,0,0,0,0,0,0,0,0,0.165,0
"446",2018-05-08,"ref","other",9,"llss",8,5,2018,120,110,0,0,0,0,0,0,0,0,0,0,0,0,0.165,0
"447",2018-05-08,"ref","sticks",9,"llss",8,5,2018,120,110,0,0,0,0,0,0,0,0,0,0,0,0,0.165,0
"448",2018-05-08,"ref","leaves",10,"llss",8,5,2018,135,100,0,0,0,0,0,0,0,0,0,0,0,0,0.15,0
"449",2018-05-08,"ref","other",10,"llss",8,5,2018,135,100,0,0,0,0,0,0,0,0,0,0,0,0,0.15,0
"450",2018-05-08,"ref","sticks",10,"llss",8,5,2018,135,100,0,0,0,0,0,0,0,0,0,0,0,0,0.15,0
"451",2018-05-08,"warm","leaves",1,"llss",8,5,2018,3,120,0,0,0,0,50.59,0,3.5449,14.8773,5.2002,0.224004744020557,0.853932088524937,43.2004243584766,0.18,240.002357547092
"452",2018-05-08,"warm","other",1,"llss",8,5,2018,3,120,0,0,0,0,2.0581,0,3.5484,5.6065,3.6635,1,0.944074631942083,1.943,0.18,10.7944444444444
"453",2018-05-08,"warm","sticks",1,"llss",8,5,2018,3,120,0,0,0,0,0,0,0,0,0,0,0,0,0.18,0
"454",2018-05-08,"warm","leaves",2,"llss",8,5,2018,21,110,0,0,0,0,6.26,0,3.521,9.4021,3.975,0.939472843450479,0.922803557157675,5.77675026780704,0.165,35.010607683679
"455",2018-05-08,"warm","other",2,"llss",8,5,2018,21,110,0,0,0,0,0.0453,0,3.6232,3.6685,3.6291,0.999999999999993,0.869757174392935,0.0393999999999999,0.165,0.238787878787878
"456",2018-05-08,"warm","sticks",2,"llss",8,5,2018,21,110,0,0,0,0,0,0,0,0,0,0,0,0,0.165,0
"457",2018-05-08,"warm","leaves",3,"llss",8,5,2018,25,125,0,0,0,0,14.44,0,3.5289,10.6419,4.212,0.492590027700831,0.903964571910586,13.0532484183889,0.1875,69.617324898074
"458",2018-05-08,"warm","other",3,"llss",8,5,2018,25,125,0,0,0,0,2.3706,0,3.5168,5.8874,3.6638,1,0.937990382181726,2.2236,0.1875,11.8592
"459",2018-05-08,"warm","sticks",3,"llss",8,5,2018,25,125,0,0,0,0,0,0,0,0,0,0,0,0,0.1875,0
"460",2018-05-08,"warm","leaves",4,"llss",8,5,2018,47,40,0,0,0,0,26.3,0,3.5142,14.1864,4.906,0.405787072243346,0.869586402053935,22.8701223740185,0.06,381.168706233641
"461",2018-05-08,"warm","other",4,"llss",8,5,2018,47,40,0,0,0,0,0.4447,0,3.526,3.9707,3.6053,1,0.821677535417134,0.3654,0.06,6.08999999999999
"462",2018-05-08,"warm","sticks",4,"llss",8,5,2018,47,40,0,0,0,0,0,0,0,0,0,0,0,0,0.06,0
"463",2018-05-08,"warm","leaves",5,"llss",8,5,2018,52,210,476.52,205.76,0.431797196,44.04,101.992325,0,3.516,14.8809,4.5564,0.111428972719271,0.908454979806246,92.655435548267,0.315,294.144239835768
"464",2018-05-08,"warm","other",5,"llss",8,5,2018,52,210,0,0,0,0,4.5617,0,3.5276,8.0893,4.7667,1,0.728368809873512,3.3226,0.315,10.5479365079365
"465",2018-05-08,"warm","sticks",5,"llss",8,5,2018,52,210,0,0,0,0,0,0,0,0,0,0,0,0,0.315,0
"466",2018-05-08,"warm","leaves",6,"llss",8,5,2018,75,230,0,0,0,0,57.62,0,3.5344,17.2636,5.1273,0.238271433530024,0.883977216443784,50.9347672114908,0.345,147.637006410118
"467",2018-05-08,"warm","other",6,"llss",8,5,2018,75,230,0,0,0,0,4.5312,0,3.5127,8.0439,3.8477,1,0.926068149717514,4.1962,0.345,12.1628985507246
"468",2018-05-08,"warm","sticks",6,"llss",8,5,2018,75,230,0,0,0,0,0,0,0,0,0,0,0,0,0.345,0
"469",2018-05-08,"warm","leaves",7,"llss",8,5,2018,95,90,0,0,0,0,26.75,0,3.5275,13.2323,4.0734,0.362796261682243,0.943749484791031,25.2452987181601,0.135,187.002212727112
"470",2018-05-08,"warm","other",7,"llss",8,5,2018,95,90,0,0,0,0,2.8904,0,3.5207,6.4111,4.0565,1,0.814627733185718,2.3546,0.135,17.4414814814815
"471",2018-05-08,"warm","sticks",7,"llss",8,5,2018,95,90,0,0,0,0,0,0,0,0,0,0,0,0,0.135,0
"472",2018-05-08,"warm","leaves",8,"llss",8,5,2018,102,160,0,0,0,0,66.15,0,3.5237,14.3267,4.5753,0.163310657596372,0.902656669443673,59.710738683699,0.24,248.794744515412
"473",2018-05-08,"warm","other",8,"llss",8,5,2018,102,160,0,0,0,0,12.3024,0,3.5315,15.8339,3.5706,1,0.996821758356093,12.2633,0.24,51.0970833333333
"474",2018-05-08,"warm","sticks",8,"llss",8,5,2018,102,160,0,0,0,0,0,0,0,0,0,0,0,0,0.24,0
"475",2018-05-08,"warm","leaves",9,"llss",8,5,2018,117,100,0,0,0,0,41.91,0,3.5467,15.2406,5.083,0.27902409926032,0.86862381241502,36.4040239783135,0.15,242.693493188757
"476",2018-05-08,"warm","other",9,"llss",8,5,2018,117,100,0,0,0,0,0.6333,0,3.5059,4.1392,3.5728,1,0.894362861203221,0.5664,0.15,3.776
"477",2018-05-08,"warm","sticks",9,"llss",8,5,2018,117,100,0,0,0,0,0,0,0,0,0,0,0,0,0.15,0
"478",2018-05-08,"warm","leaves",10,"llss",8,5,2018,133,60,0,0,0,0,1.2551,0,3.5526,4.8077,3.6618,1,0.912994980479643,1.1459,0.09,12.7322222222222
"479",2018-05-08,"warm","other",10,"llss",8,5,2018,133,60,0,0,0,0,0.1017,0,3.615,3.7167,3.6533,0.999999999999997,0.623402163225171,0.0633999999999999,0.09,0.704444444444443
"480",2018-05-08,"warm","sticks",10,"llss",8,5,2018,133,60,0,0,0,0,0,0,0,0,0,0,0,0,0.09,0
"481",2018-06-05,"ref","other",1,"llss",5,6,2018,11,110,0,0,0,0,0.2871,0,3.6409,3.928,3.6746,1,0.8826192964124,0.2534,0.165,1.53575757575758
"482",2018-06-05,"ref","leaves",1,"llss",5,6,2018,11,110,0,0,0,0,7.04,0,3.6174,10.4389,4.2131,0.968963068181818,0.912673165726013,6.42521908671113,0.165,38.9407217376432
"483",2018-06-05,"ref","other",2,"llss",5,6,2018,26,130,0,0,0,0,0.3984,0,3.5398,3.9382,3.5816,1,0.895080321285141,0.3566,0.195,1.82871794871795
"484",2018-06-05,"ref","leaves",2,"llss",5,6,2018,26,130,0,0,0,0,13.79,0,3.5249,11.1936,4.138,0.55610587382161,0.920051638478491,12.6875120946184,0.195,65.0641645877866
"485",2018-06-05,"ref","other",3,"llss",5,6,2018,35,170,0,0,0,0,6.059,0,3.5366,9.5956,4.0608,1,0.913484073279419,5.5348,0.255,21.7050980392157
"486",2018-06-05,"ref","leaves",3,"llss",5,6,2018,35,170,0,0,0,0,43.78,0,3.5085,15.2962,4.7116,0.269248515303792,0.897935984119039,39.3116373847315,0.255,154.163283861692
"487",2018-06-05,"ref","other",4,"llss",5,6,2018,42,170,0,0,0,0,0.1968,0,3.5363,3.7331,3.5599,0.999999999999998,0.88008130081301,0.1732,0.255,0.679215686274511
"488",2018-06-05,"ref","leaves",4,"llss",5,6,2018,42,170,0,0,0,0,36.06,0,3.5295,16.378,4.8666,0.356308929561841,0.895933377437055,32.3073575903802,0.255,126.695519962275
"489",2018-06-05,"ref","other",5,"llss",5,6,2018,54,90,0,0,0,0,0.0088,0,3.644,3.6528,3.6455,0.999999999999991,0.829545454545446,0.00729999999999993,0.135,0.0540740740740736
"490",2018-06-05,"ref","leaves",5,"llss",5,6,2018,54,90,0,0,0,0,0.84,0,3.537,4.3372,3.5947,0.952619047619048,0.927893026743314,0.779430142464384,0.135,5.77355661084729
"491",2018-06-05,"ref","other",6,"llss",5,6,2018,83,280,0,0,0,0,0.8578,0,3.5512,4.409,3.6344,1,0.903007694101189,0.7746,0.42,1.84428571428571
"492",2018-06-05,"ref","leaves",6,"llss",5,6,2018,83,280,0,0,0,0,51.24,0,3.528,15.2048,5.2704,0.227884465261514,0.850781035900247,43.5940202795286,0.42,103.79528637983
"493",2018-06-05,"ref","other",7,"llss",5,6,2018,99,380,0,0,0,0,5.6994,0,3.5095,9.2089,5.3541,1,0.67635189669088,3.8548,0.57,6.76280701754386
"494",2018-06-05,"ref","leaves",7,"llss",5,6,2018,99,380,0,0,0,0,41.4,0,3.6579,15.0889,5.1037,0.276111111111111,0.873519377132359,36.1637022132797,0.57,63.445091602245
"495",2018-06-05,"ref","other",8,"llss",5,6,2018,111,100,0,0,0,0,4.5942,0,3.5331,8.1273,3.9517,1,0.908885116015846,4.1756,0.15,27.8373333333333
"496",2018-06-05,"ref","leaves",8,"llss",5,6,2018,111,100,0,0,0,0,75.89,0,3.633,13.5829,4.882,0.131109500592964,0.874471100212063,66.3636117950934,0.15,442.424078633956
"497",2018-06-05,"ref","other",9,"llss",5,6,2018,125,200,0,0,0,0,4.3735,0,3.5241,7.8976,4.0159,1,0.887550017148737,3.8817,0.3,12.939
"498",2018-06-05,"ref","leaves",9,"llss",5,6,2018,125,200,0,0,0,0,94.97,0,3.6433,15.7529,5.0591,0.127509739917869,0.883084494946158,83.8665344850367,0.3,279.555114950122
"499",2018-06-05,"ref","other",10,"llss",5,6,2018,138,80,0,0,0,0,0.809,0,3.5168,4.3258,3.6407,1,0.846847960444994,0.6851,0.12,5.70916666666667
"500",2018-06-05,"ref","leaves",10,"llss",5,6,2018,138,80,0,0,0,0,20.38,0,3.6154,12.6807,4.4832,0.444813542688911,0.904272335168169,18.4290701907273,0.12,153.575584922727
"501",2018-06-05,"warm","other",1,"llss",5,6,2018,9,170,0,0,0,0,1.6386,0,3.5466,5.1852,3.6758,1,0.921152203100208,1.5094,0.255,5.91921568627451
"502",2018-06-05,"warm","leaves",1,"llss",5,6,2018,9,170,0,0,0,0,42.94,0,3.6241,16.3536,4.9017,0.296448532836516,0.899634706783456,38.6303143092816,0.255,151.491428663849
"503",2018-06-05,"warm","other",2,"llss",5,6,2018,17,120,0,0,0,0,0.3729,0,3.5403,3.9132,3.5812,1,0.890319120407616,0.332,0.18,1.84444444444444
"504",2018-06-05,"warm","leaves",2,"llss",5,6,2018,17,120,0,0,0,0,47.83,0,3.5207,16.2693,4.0664,0.266539828559482,0.957195299876065,45.7826511930722,0.18,254.348062183734
"505",2018-06-05,"warm","other",3,"llss",5,6,2018,32,125,0,0,0,0,0.7109,0,3.5235,4.2344,3.6372,1,0.840061893374595,0.5972,0.1875,3.18506666666667
"506",2018-06-05,"warm","leaves",3,"llss",5,6,2018,32,125,0,0,0,0,21.67,0,3.5266,13.899,4.7715,0.478652514997693,0.879979561143033,19.0691570899695,0.1875,101.702171146504
"507",2018-06-05,"warm","other",4,"llss",5,6,2018,38,135,0,0,0,0,4.6509,0,3.549,8.1999,4.4045,1,0.816057107226558,3.7954,0.2025,18.7427160493827
"508",2018-06-05,"warm","leaves",4,"llss",5,6,2018,38,135,528.24,244.92,0.463652885,50.19,108.2490838,0,3.5547,15.2287,4.7543,0.107843868882704,0.897241733767346,97.1255956274387,0.2025,479.632570999697
"509",2018-06-05,"warm","other",5,"llss",5,6,2018,51,160,0,0,0,0,0.2147,0,3.5525,3.7672,3.5748,0.999999999999998,0.896134140661388,0.1924,0.24,0.801666666666667
"510",2018-06-05,"warm","leaves",5,"llss",5,6,2018,51,160,0,0,0,0,4.59,0,3.5434,7.8361,3.8837,0.935228758169935,0.9207258834766,4.22613180515759,0.24,17.60888252149
"511",2018-06-05,"warm","other",6,"llss",5,6,2018,82,220,0,0,0,0,0.2167,0,3.5286,3.7453,3.5549,0.999999999999999,0.878634056299031,0.1904,0.33,0.576969696969697
"512",2018-06-05,"warm","leaves",6,"llss",5,6,2018,82,220,0,0,0,0,23.47,0,3.6352,14.0128,4.2902,0.442164465274819,0.936883287079864,21.9886507477644,0.33,66.6322749932255
"513",2018-06-05,"warm","other",7,"llss",5,6,2018,92,110,0,0,0,0,2.768,0,3.547,6.315,3.5901,1,0.984429190751445,2.7249,0.165,16.5145454545455
"514",2018-06-05,"warm","leaves",7,"llss",5,6,2018,92,110,0,0,0,0,58.83,0,3.5155,14.916,4.822,0.193787183409825,0.885399763168282,52.08806806719,0.165,315.685261013273
"515",2018-06-05,"warm","other",8,"llss",5,6,2018,106,105,0,0,0,0,3.1033,0,3.5249,6.6282,3.832,1,0.901040827506203,2.7962,0.1575,17.7536507936508
"516",2018-06-05,"warm","leaves",8,"llss",5,6,2018,106,105,0,0,0,0,32.32,0,3.566,14.8864,5.3673,0.350259900990099,0.840880180912335,27.1772474470867,0.1575,172.553952044995
"517",2018-06-05,"warm","other",9,"llss",5,6,2018,120,120,0,0,0,0,2.2298,0,3.5329,5.7627,3.6401,1,0.951923939366759,2.1226,0.18,11.7922222222222
"518",2018-06-05,"warm","leaves",9,"llss",5,6,2018,120,120,0,0,0,0,17.9,0,3.5243,10.9057,4.0874,0.412368715083799,0.92371365865554,16.5344744899342,0.18,91.8581916107453
"519",2018-06-05,"warm","other",10,"llss",5,6,2018,130,180,0,0,0,0,12.0471,0,3.5492,15.5963,4.761,1,0.899411476620929,10.8353,0.27,40.1307407407407
"520",2018-06-05,"warm","leaves",10,"llss",5,6,2018,130,180,0,0,0,0,96.98,0,3.5309,13.5724,4.4461,0.103541967415962,0.908858238311009,88.1410719514017,0.27,326.448414634821
"521",2018-07-03,"ref","other",1,"llss",3,7,2018,2,30,0,0,0,0,0,0,0,0,0,0,0,0,0.045,0
"522",2018-07-03,"ref","leaves",1,"llss",3,7,2018,2,30,0,0,0,0,0,0,0,0,0,0,0,0,0.045,0
"523",2018-07-03,"ref","other",2,"llss",3,7,2018,25,200,0,0,0,0,2.5376,0,3.5328,6.0704,3.9082,1,0.852064943253468,2.1622,0.3,7.20733333333333
"524",2018-07-03,"ref","leaves",2,"llss",3,7,2018,25,200,0,0,0,0,42.4,0,3.5121,16.9012,5.0847,0.315780660377358,0.882546250308086,37.4199610130629,0.3,124.733203376876
"525",2018-07-03,"ref","other",3,"llss",3,7,2018,31,200,0,0,0,0,1.6071,0,3.5467,5.1538,3.6332,1,0.946176342480244,1.5206,0.3,5.06866666666667
"526",2018-07-03,"ref","leaves",3,"llss",3,7,2018,31,200,0,0,0,0,18.67,0,3.5418,12.6336,4.5472,0.486973754686663,0.889416837149959,16.6054123495897,0.3,55.3513744986325
"527",2018-07-03,"ref","other",4,"llss",3,7,2018,52,60,0,0,0,0,0.0407,0,3.5307,3.5714,3.535,1,0.89434889434889,0.0363999999999998,0.09,0.404444444444443
"528",2018-07-03,"ref","leaves",4,"llss",3,7,2018,52,60,0,0,0,0,14.25,0,3.52,12.2363,4.2416,0.611670175438596,0.917212578731801,13.0702792469282,0.09,145.225324965869
"529",2018-07-03,"ref","other",5,"llss",3,7,2018,80,145,0,0,0,0,0.1838,0,3.5213,3.7051,3.5403,0.999999999999999,0.896626768226335,0.1648,0.2175,0.757701149425289
"530",2018-07-03,"ref","leaves",5,"llss",3,7,2018,80,145,0,0,0,0,14.89,0,3.5357,13.5808,5.4609,0.674620550705171,0.808344366905257,12.0362476232193,0.2175,55.3390695320427
"531",2018-07-03,"ref","other",6,"llss",3,7,2018,82,125,0,0,0,0,0.0097,0,3.5171,3.5268,3.5173,1,0.979381443298971,0.00950000000000002,0.1875,0.0506666666666668
"532",2018-07-03,"ref","leaves",6,"llss",3,7,2018,82,125,0,0,0,0,3.42,0,3.5513,3.5844,3.759,0.00967836257309945,-5.27492447129907,-18.0402416918428,0.1875,-96.214622356495
"533",2018-07-03,"ref","other",7,"llss",3,7,2018,104,110,0,0,0,0,1.2955,0,3.5557,4.8512,3.6719,1,0.910304901582401,1.1793,0.165,7.14727272727273
"534",2018-07-03,"ref","leaves",7,"llss",3,7,2018,104,110,0,0,0,0,25.2,0,3.5285,14.4408,4.3456,0.433027777777778,0.925121193515574,23.3130540765925,0.165,141.291236827833
"535",2018-07-03,"ref","other",8,"llss",3,7,2018,115,25,0,0,0,0,0.0954,0,3.5225,3.6179,3.5283,1,0.939203354297691,0.0895999999999998,0.0375,2.38933333333333
"536",2018-07-03,"ref","leaves",8,"llss",3,7,2018,115,25,0,0,0,0,6.33,0,3.5443,9.1996,3.9875,0.893412322274882,0.92163103637296,5.83392446024084,0.0375,155.571318939756
"537",2018-07-03,"ref","other",9,"llss",3,7,2018,131,120,0,0,0,0,2.9648,0,3.5467,6.5115,3.8882,1,0.884815164597949,2.6233,0.18,14.5738888888889
"538",2018-07-03,"ref","leaves",9,"llss",3,7,2018,131,120,0,0,0,0,77.41,0,3.5186,13.8139,4.7963,0.132997028807648,0.875894825794295,67.8030184647363,0.18,376.683435915202
"539",2018-07-03,"ref","other",10,"llss",3,7,2018,136,130,0,0,0,0,0.0248,0,3.5491,3.5739,3.5495,0.999999999999997,0.983870967741937,0.0244,0.195,0.125128205128205
"540",2018-07-03,"ref","leaves",10,"llss",3,7,2018,136,130,0,0,0,0,5.81,0,3.5214,8.6914,3.9655,0.889845094664372,0.914100580270793,5.31092437137331,0.195,27.2355095967862
"541",2018-07-03,"warm","other",1,"llss",3,7,2018,2,114,0,0,0,0,0.518,0,3.5347,4.0527,3.5874,1,0.898262548262548,0.4653,0.171,2.72105263157895
"542",2018-07-03,"warm","leaves",1,"llss",3,7,2018,2,114,0,0,0,0,33.59,0,3.5345,17.2354,4.4397,0.407886275677285,0.933931347575707,31.370753965068,0.171,183.454701550105
"543",2018-07-03,"warm","other",2,"llss",3,7,2018,18,110,0,0,0,0,0.7799,0,3.547,4.3269,3.6248,1,0.900243620977048,0.7021,0.165,4.25515151515152
"544",2018-07-03,"warm","leaves",2,"llss",3,7,2018,18,110,0,0,0,0,22.59,0,3.517,17.7824,7.8176,0.631491810535635,0.698529308676939,15.779777083012,0.165,95.6350126243154
"545",2018-07-03,"warm","other",3,"llss",3,7,2018,30,110,0,0,0,0,0.0768,0,3.5329,3.6097,3.5392,1,0.91796875,0.0705,0.165,0.427272727272727
"546",2018-07-03,"warm","leaves",3,"llss",3,7,2018,30,110,0,0,0,0,8.89,0,3.5014,12.1514,4.1473,0.973003374578178,0.925329479768786,8.22617907514451,0.165,49.8556307584516
"547",2018-07-03,"warm","other",4,"llss",3,7,2018,48,140,0,0,0,0,0.1031,0,3.5303,3.6334,3.5344,1,0.960232783705139,0.0989999999999998,0.21,0.47142857142857
"548",2018-07-03,"warm","leaves",4,"llss",3,7,2018,48,140,0,0,0,0,10.47,0,3.5086,10.6543,4.0509,0.682492836676218,0.924108204934436,9.67541290566355,0.21,46.073394788874
"549",2018-07-03,"warm","other",5,"llss",3,7,2018,54,130,0,0,0,0,0.022,0,3.5418,3.5638,3.5418,1.00000000000001,1,0.022,0.195,0.112820512820513
"550",2018-07-03,"warm","leaves",5,"llss",3,7,2018,54,130,0,0,0,0,6.35,0,3.5522,9.6658,3.987,0.962771653543307,0.928879874378435,5.89838720230306,0.195,30.2481394989901
"551",2018-07-03,"warm","other",6,"llss",3,7,2018,78,225,0,0,0,0,0.5102,0,3.5165,4.0267,3.5446,1,0.944923559388475,0.4821,0.3375,1.42844444444445
"552",2018-07-03,"warm","leaves",6,"llss",3,7,2018,78,225,0,0,0,0,14.01,0,3.5186,15.7904,3.6027,0.87593147751606,0.993146889616845,13.913987923532,0.3375,41.2266308845393
"553",2018-07-03,"warm","other",7,"llss",3,7,2018,98,115,0,0,0,0,5.8158,0,3.529,9.3448,4.0871,1,0.904037277760583,5.2577,0.1725,30.4794202898551
"554",2018-07-03,"warm","leaves",7,"llss",3,7,2018,98,115,0,0,0,0,39,0,3.5397,14.7554,4.4792,0.287582051282051,0.91623349411985,35.7331062706741,0.1725,207.148442148836
"555",2018-07-03,"warm","other",8,"llss",3,7,2018,101,150,0,0,0,0,2.6754,0,3.5188,6.1942,3.6976,1,0.933168871944382,2.4966,0.225,11.096
"556",2018-07-03,"warm","leaves",8,"llss",3,7,2018,101,150,0,0,0,0,33.55,0,3.5422,18.6573,4.7791,0.450524590163934,0.918167924790441,30.8045338767193,0.225,136.909039452086
"557",2018-07-03,"warm","other",9,"llss",3,7,2018,115,60,0,0,0,0,0.3209,0,3.5129,3.8338,3.5232,1,0.967902773449673,0.3106,0.09,3.45111111111111
"558",2018-07-03,"warm","leaves",9,"llss",3,7,2018,115,60,0,0,0,0,20.92,0,3.5452,16.059,5.093,0.598173996175908,0.876312550943758,18.3324585657434,0.09,203.693984063816
"559",2018-07-03,"warm","other",10,"llss",3,7,2018,129,200,0,0,0,0,2.5521,0,3.55,6.1021,3.7101,1,0.937267348458132,2.392,0.3,7.97333333333333
"560",2018-07-03,"warm","leaves",10,"llss",3,7,2018,129,200,0,0,0,0,40.51,0,3.5203,14.186,4.27,0.26328560849173,0.929709254901225,37.6625219160486,0.3,125.541739720162
